StockCode,TotalSales,Quantity,UnitPrice
10002,759.89,1040,1.07
10080,119.08999999999999,495,0.38
10120,40.53,193,0.21
10123C,3.25,5,0.65
10124A,6.72,16,0.42
10124G,7.14,17,0.42
10125,994.84,1296,0.86
10133,1544.22,2867,0.65
10135,2207.39,2231,1.41
11001,2389.44,1615,1.89
15030,41.47,293,0.27
15034,840.0200000000001,6591,0.37
15036,18569.84,23826,1.07
15039,1979.4899999999998,2091,1.24
15044A,1456.72,464,3.66
15044B,946.83,321,3.51
15044C,1025.94,314,3.84
15044D,1822.71,645,3.33
15056BL,15828.84,2844,6.43
15056N,22176.49,3954,6.94
15056P,4366.820000000001,778,6.35
15056bl,1086.88,87,12.49
15056n,1585.2800000000002,127,12.48
15056p,412.48,33,12.5
15058A,1668.49,220,9.11
15058B,1885.27,228,9.89
15058C,1429.82,240,9.33
15060B,1807.55,460,4.96
15060b,24.869999999999997,3,8.29
16008,360.71,2892,0.14
16010,3.5999999999999996,30,0.12
16011,372.33,1773,0.21
16012,261.24,1244,0.21
16014,4335.76,13328,0.4
16015,289.98,1062,0.47
16016,1053.45,1273,0.85
16020C,69.89999999999999,84,0.83
16033,100.79999999999998,960,0.1
16043,11.759999999999998,98,0.12
16045,380.0,8900,0.04
16046,57.8,89,0.8
16048,205.42,1461,0.33
16049,82.08,578,0.2
16052,115.3,479,0.59
16054,140.52,1166,0.13
16151A,61.25,49,1.25
16156L,199.5,475,0.42
16156S,2331.0,5800,0.42
16161G,70.0,700,0.1
16161M,10.5,25,0.42
16161P,2990.92,7226,0.42
16161U,1687.5,4075,0.42
16162L,13.0,50,0.58
16162M,11.76,58,0.37
16168M,173.12,415,0.62
16169E,1892.46,4563,0.42
16169K,84.0,200,0.42
16169M,277.2,660,0.42
16169N,10.5,25,0.42
16169P,21.0,50,0.42
16202A,3.5,7,0.5
16202B,14.5,29,0.5
16202E,7.5,15,0.5
16206B,8.75,7,1.25
16207A,163.1,63,2.6
16207B,76.14,33,2.56
16216,234.0,3333,0.15
16218,283.31,3821,0.27
16219,407.71999999999997,3048,0.52
16225,691.85,815,1.46
16235,702.96,3104,0.32
16236,320.09,1438,0.3
16237,1048.56,4994,0.3
16238,322.09,1398,0.31
16244B,7.85,7,1.23
16248B,16.25,15,1.09
16254,42.58,40,1.31
16258A,178.97,472,0.59
16259,326.56,3380,0.1
17001,20.88,72,0.29
17003,6036.39,23056,0.36
17007B,50.400000000000006,24,2.1
17011F,66.36000000000001,81,1.57
17012A,375.93,323,1.95
17012B,595.85,525,1.88
17012C,484.34999999999997,421,1.78
17012D,550.64,463,1.82
17012E,74.64,68,2.15
17012F,530.6,462,1.78
17013D,267.82,535,1.25
17014A,71.19,166,0.85
17021,643.14,2427,0.29
17028J,2.52,6,0.42
17038,158.06,1525,0.42
17084A,42.0,200,0.21
17084J,47.25,225,0.21
17084N,313.31,1264,0.35
17084P,104.44,423,0.35
17084R,760.3199999999999,4032,0.2
17090A,107.44999999999999,109,1.17
17090D,36.25,29,1.25
17091A,99.29,340,0.73
17091J,920.67,2084,0.7
17096,455.9800000000001,2545,0.3
17107D,436.04999999999995,171,2.55
17109D,32.349999999999994,75,0.75
17129F,553.8299999999999,588,1.37
17136A,33.75,407,0.09
17164B,12.18,29,0.42
17165D,28.35,36,0.92
17174,3.7800000000000002,9,0.42
17191A,15.0,4,3.75
18007,395.61,5884,0.27
18094C,283.93,192,1.96
18097A,12.75,5,2.55
18097C,1601.21,699,3.08
18098C,658.75,231,3.48
18098c,263.12,52,5.06
20615,466.99,313,2.51
20616,243.53,194,1.81
20617,194.94,93,2.25
20618,286.39,148,2.03
20619,439.65,262,2.14
20622,305.8,186,2.4
20652,350.61,272,1.53
20653,95.17999999999999,73,1.48
20654,193.59,152,1.38
20655,292.29,197,1.72
20657,105.91,73,1.72
20658,653.36,434,1.75
20659,248.09,159,1.63
20661,141.15,44,3.4
20662,90.42,31,2.88
20663,66.26,25,2.69
20664,81.66,41,2.41
20665,1546.2700000000002,482,4.04
20666,41.53,30,1.71
20667,49.69,20,2.49
20668,1512.92,12979,0.16
20669,447.34,304,1.69
20670,44.04,14,3.24
20671,12.5,10,1.25
20674,2032.48,1576,1.56
20675,3984.37,3121,1.59
20676,6441.06,5076,1.63
20677,4749.84,3676,1.65
20678,6.6,4,1.65
20679,10021.42,1710,7.0
20681,506.96,140,4.21
20682,4190.83,1245,3.97
20684,273.81,82,3.45
20685,28082.54,4093,8.94
20686,932.42,270,3.86
20694,187.54,43,5.08
20695,21.25,5,4.25
20696,230.81,54,4.72
20697,53.55,21,2.55
20698,43.349999999999994,17,2.55
20699,266.03,97,3.0
20700,345.17,73,4.98
20701,100.97,25,4.07
20702,577.79,146,4.25
20703,4.25,1,4.25
20704,697.7,216,5.85
20705,428.85,143,4.81
20707,468.39,464,1.09
20711,11014.62,5008,3.12
20712,22092.42,9773,2.93
20713,23030.96,13324,2.74
20716,469.63,404,1.3
20717,3564.48,2857,1.67
20718,6613.04,4776,1.78
20719,16759.75,13310,1.2
20723,12552.4,9798,1.2
20724,21776.79,17771,1.14
20725,36042.01,19553,2.13
20726,18323.38,9934,2.17
20727,22421.21,12240,2.1
20728,21750.63,11817,2.06
20731,109.96,103,0.97
20733,958.06,1236,0.85
20734,271.21999999999997,160,1.73
20735,625.8,624,1.11
20748,751.17,109,12.72
20749,12614.17,1770,8.06
20750,12642.93,1748,8.12
20751,2108.7200000000003,1003,2.34
20752,935.1500000000001,414,2.41
20754,3090.96,1515,2.5
20755,272.02,307,0.99
20756,53.55,63,0.85
20757,144.29,167,0.91
20758,137.7,162,0.85
20759,54.4,64,0.85
20760,58.65,100,0.81
20761,517.22,123,4.43
20762,420.08,106,4.15
20763,205.04,73,3.98
20764,610.8100000000001,144,4.66
20765,423.55,104,4.24
20766,501.07,124,4.43
20767,663.7099999999999,253,2.86
20768,441.12,177,2.65
20769,217.55999999999997,80,2.75
20770,449.8,185,2.5
20771,269.68,103,2.76
20772,621.1899999999999,247,2.75
20773,92.39999999999999,56,1.65
20774,141.23999999999998,98,1.6
20775,235.18999999999997,135,1.72
20777,282.48999999999995,169,1.7
20778,24.75,17,1.47
20780,318.19,48,7.62
20781,221.65,38,5.76
20782,373.57,54,7.46
20785,523.3000000000001,14,39.15
20793,54.0,8,6.75
20794,282.78999999999996,99,3.57
20795,113.05000000000001,49,2.65
20796,103.93999999999998,62,1.83
20798,75.60000000000001,41,1.75
20801,1157.8,1019,1.59
20802,984.4699999999999,739,1.94
20803,478.72,945,1.13
20816,15.6,8,1.95
20818,42.7,15,5.54
20819,244.72,64,4.02
20820,24.75,5,4.95
20821,84.15,26,4.24
20823,132.72,168,0.79
20826,128.4,276,0.82
20827,34.32,88,0.39
20828,3079.88,1130,3.16
20829,2725.05,1315,2.45
20830,409.83,136,3.04
20831,466.53000000000003,216,2.74
20832,582.03,1201,0.73
20835,65.8,67,2.1
20836,141.1,170,0.83
20837,142.47,141,0.97
20838,461.45,385,1.88
20839,840.4399999999999,575,2.39
20840,632.3199999999999,533,2.0
20845,120.64999999999999,19,6.35
20846,958.57,717,1.61
20847,217.57999999999998,52,4.59
20848,61.95,21,2.95
20849,0.0,1,0.0
20851,53.550000000000004,10,5.21
20854,386.32,244,1.68
20856,357.28999999999996,216,1.67
20857,52.8,32,1.65
20860,2.1,1,2.1
20861,4.2,2,2.1
20866,710.95,598,1.49
20867,393.46999999999997,331,1.35
20868,219.35000000000002,458,0.71
20869,86.76,180,0.72
20871,8.42,2,4.21
20878,31.25,27,1.11
20886,988.18,496,2.45
20892,89.22,4,21.24
20893,611.57,269,3.04
20894,108.71000000000001,33,3.71
20897,298.27,107,3.18
20898,105.73,38,2.64
20901,91.48,20,4.55
20902,686.86,112,6.94
20903,441.89,82,5.58
20906,8.850000000000001,3,2.95
20910,50.8,8,6.35
20914,18390.2,6372,3.28
20931,1060.9,299,5.06
20932,628.7900000000001,204,4.68
20933,71.05,23,3.13
20934,424.46000000000004,68,7.13
20935,17.700000000000003,6,2.95
20936,319.66,100,3.73
20941,83.78,84,1.31
20950,0.0,1,0.0
20954,16.94,2,8.47
20956,1149.02,1112,1.76
20960,72.49,29,2.49
20961,1749.18,1235,1.79
20963,1913.67,1338,1.82
20964,5.1,4,1.27
20966,1022.8,720,1.94
20967,1031.69,267,4.06
20969,7236.93,1962,4.27
20970,4235.88,1117,4.19
20971,13838.1,11001,1.42
20972,9159.31,7362,1.42
20973,3216.1200000000003,4567,0.78
20974,4531.9800000000005,6983,0.75
20975,4387.820000000001,6645,0.73
20977,2331.14,1741,1.51
20978,2400.05,1799,1.61
20979,4729.9800000000005,3739,1.58
20980,76.91,79,1.06
20981,1742.27,1976,0.96
20982,1884.9199999999998,2156,0.96
20983,2382.46,2746,0.93
20984,1173.8999999999999,3990,0.38
20985,1545.59,1183,1.63
20986,833.49,657,1.59
20992,1965.81,4451,0.55
20996,727.46,3194,0.32
20997,257.61,59,4.27
20998,505.20000000000005,185,2.66
21000,365.09,97,3.63
21001,354.14,74,4.65
21002,428.66,125,3.4
21003,460.58,78,5.89
21009,1.25,2,0.62
21011,28.999999999999996,20,1.45
21012,2618.25,1171,2.31
21014,598.8199999999999,1385,0.67
21015,590.13,1485,0.66
21018,22.06,24,1.09
21025,233.52,174,1.55
21026,319.5,258,1.54
21027,190.29,223,1.07
21028,239.24,187,1.54
21030,172.2,141,1.19
21031,65.49,53,1.29
21032,119.03,98,1.38
21033,4853.81,2032,3.17
21034,1842.05,1939,0.95
21035,8549.85,2603,4.54
21038,86.75,77,1.17
21039,1353.6899999999998,523,3.09
21040,29.7,22,1.67
21041,3909.63,921,4.38
21042,2205.4700000000003,335,7.22
21043,1143.76,494,2.97
21051,377.2,432,2.01
21054,634.53,71,8.92
21055,1782.54,180,10.43
21056,1765.3999999999999,184,10.12
21058,968.2099999999999,1157,0.97
21059,528.2299999999999,611,0.92
21060,359.28999999999996,405,0.95
21061,451.7,488,1.05
21062,458.22999999999996,539,0.86
21063,458.31,528,0.93
21064,1301.55,301,4.86
21065,1172.48,564,4.4
21066,694.72,703,1.53
21067,506.65,351,1.69
21068,1890.33,1638,1.67
21069,2251.77,1956,1.72
21070,1186.23,1107,1.63
21071,1385.28,996,1.7
21078,2540.39,2780,1.25
21080,11319.36,13212,1.09
21082,143.44,91,1.57
21084,773.14,2610,0.5
21086,4861.900000000001,7137,0.96
21087,74.57000000000001,141,0.6
21088,428.28000000000003,1678,0.41
21089,48.99,233,0.28
21090,1278.23,2421,0.64
21094,6933.259999999999,8758,0.99
21095,118.72999999999999,180,0.84
21096,581.09,1259,0.57
21098,5093.76,3858,1.67
21100,162.20999999999998,65,3.41
21106,702.51,237,3.81
21107,2501.56,904,3.81
21108,18069.280000000002,10253,2.31
21109,2765.15,937,5.67
21110,3822.45,1106,6.26
21111,1652.27,901,2.92
21112,2885.13,1359,3.04
21114,1809.33,1366,1.92
21115,3174.84,566,7.44
21116,4051.79,707,6.56
21117,149.25,115,1.57
21120,16.98,1,16.98
21121,8033.85,6634,1.37
21122,6496.04,5331,1.37
21123,1383.34,1145,1.19
21124,4868.05,4015,1.3
21125,834.73,660,1.32
21126,750.2,593,1.33
21128,546.6,68,10.02
21129,419.52000000000004,52,9.36
21131,398.02,106,5.6
21132,217.35999999999999,44,5.08
21134,0.0,1,0.0
21135,3207.69,2870,1.89
21136,7830.32,4709,1.81
21137,40652.13,11656,4.21
21143,709.18,352,2.4
21144,16.8,5,3.36
21145,152.5,165,1.0
21147,415.77,375,1.99
21154,6321.76,4035,1.94
21155,9301.4,3157,3.13
21156,6093.05,3171,2.37
21157,227.6,79,3.27
21158,783.8199999999999,1474,0.96
21159,602.18,1127,1.03
21160,3.36,1,3.36
21161,231.36999999999998,144,1.78
21162,794.15,1465,0.98
21163,684.62,1201,1.01
21164,5161.88,1768,3.29
21165,6939.08,4156,2.15
21166,20957.64,10364,2.39
21167,337.14,1432,0.34
21169,7320.36,4424,2.24
21171,613.14,438,1.77
21172,5345.88,3491,2.01
21174,9413.82,4313,2.68
21175,27074.07,12225,2.77
21179,1315.43,1942,1.2
21181,25290.58,12723,2.41
21186,6.72,4,1.68
21187,651.75,371,2.11
21188,1021.9000000000001,326,3.83
21189,888.67,355,2.58
21190,245.20000000000002,216,1.39
21191,1451.82,562,3.07
21192,1924.9399999999998,1141,2.41
21194,558.07,499,1.68
21195,1308.56,693,2.83
21196,189.67999999999998,108,2.0
21197,382.9599999999999,284,1.62
21198,1008.4699999999999,1029,1.45
21199,888.3299999999999,966,1.59
21200,1531.1399999999999,1119,1.97
21201,2987.82,1240,3.17
21202,487.11,475,1.75
21204,868.4399999999999,499,1.96
21205,677.1899999999999,253,2.81
21206,1610.9199999999998,1290,1.92
21207,1686.4999999999998,1068,1.67
21208,697.77,945,1.25
21209,886.24,1224,1.4
21210,8374.189999999999,5812,1.78
21211,1271.52,884,1.73
21212,21259.100000000002,36419,0.76
21213,8418.44,15176,0.79
21215,745.45,1089,0.92
21216,11407.56,2133,7.38
21217,11532.39,1089,12.57
21218,10116.49,2433,5.91
21219,561.84,448,1.5
21220,457.51,348,1.55
21221,340.22,261,1.36
21222,353.19,269,1.57
21224,1080.0,914,1.09
21226,81.8,94,0.93
21228,6.25,5,1.25
21231,7628.530000000001,6063,1.57
21232,16263.800000000001,11855,1.67
21238,3488.44,3969,1.07
21239,2709.04,3018,1.12
21240,3112.81,3573,1.11
21242,5704.78,3376,2.08
21243,3827.16,2285,2.13
21244,3789.3199999999997,2287,2.05
21245,1792.27,1078,2.0
21246,1336.78,286,4.55
21248,330.71999999999997,205,1.84
21249,2160.0,724,3.87
21250,274.37,95,3.36
21251,568.98,182,3.58
21253,593.37,135,5.0
21257,6909.37,696,11.21
21258,7674.799999999999,542,16.87
21259,7106.950000000001,1184,7.01
21260,3722.23,1161,3.58
21261,672.09,187,5.11
21262,1242.0600000000002,335,4.51
21263,356.96999999999997,171,2.47
21264,575.55,285,2.35
21265,267.21,131,2.57
21268,0.84,2,0.42
21269,254.98000000000002,42,8.5
21270,530.19,50,11.34
21272,783.8199999999999,571,1.7
21275,270.08,16,19.47
21277,571.43,26,22.26
21278,109.64999999999999,60,2.3
21279,266.15,99,3.86
21280,165.75,65,2.55
21281,129.63,43,3.98
21284,376.18,404,2.03
21285,413.88,365,2.18
21286,362.12,273,2.68
21287,760.15,1790,0.55
21288,1070.26,358,3.31
21289,708.75,567,1.25
21291,819.64,943,1.03
21292,594.51,867,0.87
21293,276.72,116,2.67
21294,825.49,1718,0.83
21306,193.03,495,1.03
21307,39.199999999999996,79,1.26
21310,29.95,1,29.95
21311,188.86999999999998,581,0.86
21313,2906.52,3336,1.15
21314,9811.58,4252,2.84
21316,217.68,160,3.04
21317,689.53,112,6.62
21318,425.08,696,1.32
21319,175.78,164,1.89
21320,364.22,197,2.94
21324,259.67,88,3.25
21326,6890.47,10583,0.82
21327,1484.1299999999999,864,1.98
21328,2418.68,1342,2.24
21329,1728.6399999999999,944,2.15
21331,165.74,12,14.34
21332,268.1,19,16.09
21333,168.16000000000003,56,3.14
21336,54.57,27,2.03
21340,11338.27,978,13.38
21344,160.09,15,11.76
21348,361.55999999999995,148,2.84
21349,155.6,24,7.29
21351,672.88,104,6.65
21352,1511.2600000000002,378,5.14
21354,1010.21,801,1.58
21355,998.83,884,1.35
21356,704.55,643,1.22
21357,23.75,66,1.06
21358,494.54,412,1.18
21359,860.23,131,10.46
21360,236.17,39,9.08
21361,1505.96,106,15.43
21363,1413.8400000000001,245,6.5
21364,222.96,30,7.32
21365,447.09000000000003,363,1.97
21366,470.16999999999996,89,5.89
21367,199.48999999999998,171,2.2
21368,144.03,164,1.23
21369,161.49,101,2.52
21370,100.66000000000001,16,5.78
21371,319.71,287,1.64
21372,107.75,75,1.98
21373,389.04,512,0.86
21374,463.79,304,2.37
21375,315.27,43,8.15
21376,197.81,37,5.91
21377,215.67999999999998,121,2.44
21378,217.89,142,2.12
21379,254.32999999999998,184,1.84
21380,6316.360000000001,2168,3.48
21381,3138.0,1815,2.37
21382,1389.08,1148,2.02
21383,755.83,998,1.01
21385,3447.5499999999997,3889,1.11
21386,290.2,733,0.55
21389,966.78,1116,0.95
21390,4851.88,3906,1.47
21391,1064.44,1079,1.5
21392,46.39,34,1.71
21393,38.67,32,1.3
21394,1603.77,3908,0.6
21395,1141.3999999999999,2844,0.54
21397,550.43,1075,1.06
21398,729.6,1532,1.25
21399,874.29,2066,0.79
21400,128.63,881,0.25
21401,151.19,1052,0.24
21402,185.51999999999998,1369,0.26
21403,322.18,1857,0.25
21407,1421.11,290,5.45
21408,1295.21,289,5.87
21410,8.47,1,8.47
21411,2982.0299999999997,793,4.89
21413,75.02,48,1.77
21414,2.1,1,2.1
21415,454.42,223,2.7
21416,18.75,5,3.75
21417,629.8000000000001,340,2.99
21418,189.75,74,3.49
21420,123.66,54,3.83
21421,348.43000000000006,435,1.21
21422,1295.0,1607,1.1
21424,1401.02,346,5.45
21425,320.49,87,4.64
21426,624.58,256,3.84
21427,256.44,96,3.23
21428,5167.88,1208,5.43
21429,3398.95,1746,2.3
21430,11928.45,3040,4.92
21439,1767.15,1430,1.57
21441,292.03,421,1.07
21442,310.49,440,1.04
21445,267.5,217,1.09
21446,640.92,457,1.57
21447,1478.1,969,1.71
21448,600.8699999999999,349,1.91
21452,2549.11,818,3.64
21454,486.01,573,0.86
21455,516.79,612,0.86
21456,222.22,171,1.49
21457,165.89,124,1.69
21458,256.54,182,1.82
21459,150.38,76,2.06
21460,56.779999999999994,28,2.15
21461,25.81,11,2.57
21462,932.4,198,6.41
21463,3446.9500000000003,651,5.8
21464,1055.25,249,4.25
21465,897.8,237,3.93
21466,1116.89,304,3.9
21467,1004.39,264,3.99
21468,572.23,148,4.01
21469,1085.32,290,3.84
21470,1477.82,383,4.11
21471,2228.09,641,3.67
21472,476.41,124,4.05
21473,618.66,27,23.76
21476,699.63,41,18.56
21479,20594.45,4671,4.96
21481,11466.37,3314,4.09
21484,8535.52,2101,5.14
21485,17708.53,3533,5.63
21486,147.88,36,4.04
21488,566.1700000000001,77,7.16
21491,1.95,2,0.98
21494,3578.83,1934,2.58
21495,2356.0,5800,0.42
21497,3430.0,8600,0.42
21498,4322.42,10551,0.42
21499,2819.84,6952,0.42
21500,2593.0,6350,0.42
21503,288.92,726,0.42
21504,788.97,1915,0.48
21506,2101.0099999999998,4958,0.51
21507,1425.28,3332,0.53
21508,1046.98,2490,0.55
21509,1572.28,3741,0.53
21518,132.44,318,0.48
21519,1389.22,3299,0.51
21520,214.19,504,0.51
21523,21601.69,3246,9.51
21524,13612.41,1757,9.19
21527,3756.79,484,8.45
21528,1578.42,218,7.68
21530,769.57,777,1.61
21531,3692.37,1522,2.89
21533,6701.22,1361,5.29
21534,1908.88,376,5.44
21535,6011.51,2497,2.76
21537,1392.21,333,4.5
21538,18.75,5,3.75
21539,4758.75,979,5.43
21544,1690.23,1975,1.11
21547,253.53000000000003,79,3.71
21555,350.46999999999997,369,2.55
21556,2515.52,981,3.26
21557,1843.6100000000001,551,4.16
21558,5568.07,2138,3.36
21559,9748.13,3940,3.11
21561,3127.38,1282,3.02
21562,380.36,324,1.44
21563,2803.13,1395,3.2
21564,1831.6200000000001,1042,3.22
21576,585.34,252,2.59
21577,1664.8999999999999,720,2.72
21578,1664.51,965,2.54
21579,414.22,178,2.56
21580,444.07,181,2.89
21581,590.67,252,2.88
21584,1754.8999999999999,1066,1.65
21586,1721.85,839,2.47
21587,480.75,245,2.45
21588,3450.15,1497,2.53
21591,2001.1399999999999,1378,1.26
21592,2164.46,2162,1.13
21594,8.34,2,4.17
21595,16.94,3,5.65
21609,2089.64,802,3.0
21613,661.9300000000001,227,3.15
21614,153.29000000000002,102,2.67
21615,1349.17,892,2.02
21616,1288.34,822,1.96
21617,1013.01,528,2.42
21618,770.87,406,2.45
21619,1481.4,978,1.97
21620,1451.99,903,2.03
21621,24542.83,2889,9.42
21622,2012.3400000000001,386,5.82
21623,23010.09,3272,10.37
21624,1337.51,217,6.64
21625,2967.31,411,8.04
21626,1586.75,795,2.27
21627,1299.83,63,21.96
21628,1176.6000000000001,64,21.55
21629,687.95,73,10.4
21630,718.14,69,12.1
21631,896.01,169,8.34
21632,489.74,96,7.87
21633,895.46,125,10.16
21634,481.95,976,0.84
21635,374.96000000000004,272,2.13
21636,709.66,919,0.85
21637,136.25,109,1.25
21638,551.96,249,2.56
21640,644.03,662,1.14
21641,451.59,1153,1.1
21642,831.0199999999999,2472,0.49
21643,743.31,550,1.84
21644,268.75,386,1.18
21647,247.8,118,2.1
21648,992.79,737,1.86
21650,692.85,2550,0.5
21651,208.46999999999997,203,1.62
21654,509.36,986,0.94
21655,60.84,55,1.13
21656,444.58,219,2.21
21657,223.46,30,7.83
21658,3721.63,884,5.58
21661,17.85,6,2.98
21662,557.3000000000001,87,7.86
21664,353.97,119,3.55
21666,283.51,412,0.86
21667,29.9,5,4.98
21668,7527.66,5528,1.67
21669,7136.0,5285,1.59
21670,6141.29,4372,1.7
21671,6078.54,4421,1.72
21672,6815.9,5022,1.69
21673,6071.75,4422,1.67
21675,573.36,634,1.14
21676,245.35999999999999,257,1.16
21677,737.8399999999999,835,1.03
21678,111.86,125,1.01
21679,1028.58,1140,1.13
21680,786.31,868,1.21
21681,19.9,2,9.95
21682,930.96,326,5.4
21683,948.7000000000002,310,3.39
21684,622.3,783,1.25
21686,1351.64,37,37.97
21688,1101.2800000000002,348,3.8
21689,369.87,95,4.27
21690,90.0,62,3.07
21692,63.75,17,3.75
21693,1143.3100000000002,373,3.33
21694,840.33,307,3.4
21695,875.3800000000001,290,3.36
21696,690.1000000000001,230,3.29
21698,164.17,296,1.06
21700,2334.94,1752,3.94
21703,3528.89,9390,0.5
21704,4039.2799999999997,5144,1.0
21705,1462.1699999999998,1459,1.84
21706,1621.76,347,5.0
21707,763.6600000000001,160,4.88
21708,868.0600000000001,191,4.33
21709,607.23,133,4.67
21710,501.98,107,4.82
21711,513.02,104,5.25
21713,1836.64,795,2.5
21714,3018.15,1657,1.89
21715,3507.17,1330,3.26
21716,3913.72,1441,3.38
21717,946.93,413,2.62
21718,2114.64,1494,1.71
21719,307.44,345,1.06
21720,48.449999999999996,57,0.85
21721,179.45999999999998,195,1.1
21722,95.52999999999999,98,1.13
21723,353.47999999999996,401,1.02
21724,355.83,408,0.97
21725,277.24,301,1.13
21726,204.69,237,0.93
21730,2519.38,518,5.35
21731,23932.98,14009,2.38
21733,23228.74,7882,3.16
21735,2577.45,212,12.54
21736,137.22000000000003,119,1.36
21738,150.48000000000002,50,3.18
21739,708.98,256,2.77
21741,480.1700000000001,147,3.82
21742,1173.53,195,6.09
21743,890.6,300,3.86
21744,1563.5500000000002,531,3.04
21745,3486.98,938,3.97
21746,3766.93,3075,1.47
21747,645.61,485,1.51
21749,3877.09,1963,2.53
21750,209.61,91,2.67
21754,17049.920000000002,2780,6.62
21755,12572.710000000001,2034,6.67
21756,5089.56,823,6.59
21757,29.700000000000003,6,4.95
21758,427.46000000000004,50,9.84
21761,299.5,10,29.95
21763,169.75,7,21.97
21769,607.6500000000001,11,66.36
21770,7938.780000000001,1641,5.52
21773,1154.17,1170,1.77
21774,1152.4,1095,1.92
21775,716.86,515,1.88
21777,95.4,17,6.81
21781,2676.75,169,16.8
21784,633.0699999999999,65,10.72
21785,269.61,412,0.95
21786,918.25,2084,0.66
21787,7163.65,8878,1.05
21788,1032.6399999999999,1297,0.91
21789,806.1999999999999,928,0.94
21790,12515.96,14528,1.01
21791,10535.65,7890,1.5
21792,1497.72,344,5.04
21793,1296.6100000000001,304,4.58
21794,2213.42,532,4.88
21801,530.26,1256,0.42
21802,920.4,2125,0.45
21803,1031.56,2410,0.45
21804,830.03,319,3.55
21807,189.42,439,0.47
21808,641.58,186,3.47
21809,1119.56,2038,0.93
21810,3022.79,5945,0.74
21811,2687.4,4881,0.99
21812,1751.22,394,5.18
21813,2280.4700000000003,549,4.66
21814,117.57,78,1.7
21815,271.68,159,1.99
21816,49.3,34,1.45
21817,414.63,912,0.56
21818,1322.5,2740,0.6
21819,1067.82,2473,0.54
21820,1379.72,332,5.0
21821,1037.05,251,5.07
21822,759.44,740,1.31
21823,854.74,1383,0.93
21824,1102.81,1917,0.77
21826,186.43,128,1.64
21827,7.5,6,1.25
21828,439.54,333,1.47
21829,1483.4199999999998,6885,0.26
21830,1127.23,3101,0.46
21832,1799.9999999999998,960,2.33
21833,4594.43,2726,2.11
21836,26.490000000000002,5,5.04
21839,5.45,1,5.45
21841,314.5,155,3.91
21843,21365.25,2013,12.6
21844,5170.64,1848,3.31
21845,1721.0900000000001,1907,1.1
21846,1206.97,424,4.09
21847,178.89,76,2.75
21849,558.83,175,3.82
21850,493.08,130,4.31
21851,454.99,141,4.15
21864,2043.79,829,2.86
21865,625.23,274,2.56
21866,1296.13,750,1.95
21867,486.5,353,1.56
21868,3262.25,2639,1.73
21870,1861.46,1415,1.57
21871,6681.21,5454,1.81
21872,1459.98,1296,1.66
21873,1838.05,1621,1.6
21874,4149.929999999999,2981,2.01
21875,2429.38,2055,1.83
21876,4834.51,3796,2.09
21877,6942.33,5418,1.72
21878,2173.0499999999997,2524,1.09
21879,386.77000000000004,1178,0.59
21880,858.7800000000001,1903,0.48
21881,383.11,1102,0.68
21882,252.47000000000003,706,0.64
21883,725.4200000000001,1653,0.64
21884,413.76,1166,0.76
21888,6667.04,1694,4.68
21889,8862.29,6403,1.57
21890,3689.46,1152,3.85
21891,10526.0,8146,1.58
21892,4322.16,3196,1.6
21894,908.33,597,1.82
21895,12.72,2,6.36
21896,2279.09,983,2.41
21897,1268.1899999999998,465,2.89
21898,1541.11,559,2.42
21899,1761.22,2686,0.87
21900,2201.07,3235,0.95
21901,1280.49,1833,0.89
21902,1270.8200000000002,1975,0.88
21903,2494.3300000000004,1162,2.5
21904,107.10000000000001,54,2.02
21905,823.71,761,1.41
21906,4470.8099999999995,581,9.66
21907,5031.38,2373,2.3
21908,7756.420000000001,3773,2.53
21910,59.39999999999999,36,1.65
21911,203.20999999999998,116,2.03
21912,7062.7,1792,4.91
21913,1565.83,398,4.37
21914,10343.56,7879,1.43
21915,26331.58,22133,1.42
21916,1973.9099999999999,4600,0.55
21917,1704.03,4156,0.5
21918,2950.67,7210,0.52
21922,6952.31,900,9.14
21925,503.75,403,1.25
21926,509.9,414,1.25
21927,771.15,631,1.24
21928,21154.55,10473,2.69
21929,23181.14,11007,2.68
21930,14031.16,6450,2.78
21931,30770.12,13654,2.74
21932,5001.98,2724,2.07
21933,4964.03,2676,2.06
21934,4480.28,2421,2.14
21935,6298.61,3393,2.34
21936,11671.09,3987,3.71
21937,4901.8,1770,3.38
21942,313.01,287,1.33
21943,134.48999999999998,119,1.29
21944,310.19,337,1.19
21945,373.34,358,1.31
21946,75.35,86,1.01
21947,1142.15,813,1.69
21948,979.48,641,1.9
21949,1054.44,801,1.81
21955,7597.02,1230,9.16
21967,1583.4099999999999,5275,0.44
21972,499.08,335,1.69
21973,230.54999999999998,299,1.4
21974,3545.6,2219,2.14
21975,6117.910000000001,12340,0.62
21976,2886.9500000000003,5230,0.83
21977,12245.02,24854,0.74
21980,2121.7599999999998,6687,0.41
21981,1655.36,5482,0.48
21982,2304.14,7612,0.47
21983,777.67,2301,0.45
21984,1116.9499999999998,3473,0.47
21985,2737.6299999999997,8803,0.42
21986,1197.73,4067,0.43
21987,1346.65,2113,0.77
21988,1862.75,2321,1.02
21989,2235.65,2412,1.15
21990,2880.45,1679,1.99
21991,1080.82,635,2.0
21992,3529.12,1926,2.05
21993,3363.34,1943,2.02
22016,83.33,1,83.33
22021,610.4499999999999,365,1.74
22023,543.76,1218,0.6
22024,1033.81,2430,0.59
22025,766.09,1847,0.55
22026,717.12,1656,0.57
22027,1883.79,4392,0.53
22028,1309.18,3054,0.54
22029,3397.65,8185,0.52
22030,2247.97,5551,0.46
22031,225.59,504,0.52
22032,181.98,427,0.45
22033,141.95,337,0.44
22034,5.02,22,0.5
22035,622.36,1520,0.56
22037,1715.48,3977,0.53
22038,199.5,475,0.42
22039,105.0,250,0.42
22040,304.5,725,0.42
22041,11354.56,4374,3.68
22042,173.37,411,0.43
22043,304.5,1238,0.3
22044,196.44,816,0.26
22045,2683.84,6552,0.42
22046,929.0,2250,0.42
22047,1394.5,3425,0.42
22048,393.5,975,0.42
22049,296.25,1075,0.27
22050,498.5,1250,0.41
22051,420.0,1000,0.42
22052,273.0,650,0.42
22053,3606.4199999999996,4244,1.23
22055,2086.49,1382,2.07
22057,667.92,584,1.41
22059,2094.24,1790,1.6
22060,1118.95,233,5.21
22061,4228.01,583,10.29
22062,682.01,661,1.49
22063,1388.1000000000001,590,3.63
22064,2556.2,1735,2.13
22065,3470.83,6763,1.05
22066,1051.05,2255,0.67
22067,645.2199999999999,412,2.06
22068,863.38,531,2.36
22069,996.8,416,3.19
22070,2358.15,949,4.21
22071,1388.05,730,3.87
22072,2831.17,855,3.95
22073,1343.64,336,4.94
22074,1241.32,1403,1.4
22075,2503.3399999999997,1800,1.77
22076,1669.5299999999997,1260,1.61
22077,17205.37,9183,2.21
22078,2948.41,1385,2.61
22079,3348.39,1911,2.04
22080,2028.23,1222,1.96
22081,1193.0,654,2.31
22082,4716.33,2713,1.98
22083,14159.54,4658,3.76
22084,15122.970000000001,5266,3.22
22085,1566.99,548,3.18
22086,64952.29,19355,3.36
22087,11893.230000000001,4097,3.37
22088,5661.05,1894,3.57
22089,4460.38,1448,3.49
22090,22790.960000000003,7588,3.77
22091,1033.22,1991,0.94
22092,322.18,672,0.57
22093,824.08,1835,0.6
22094,1138.2,2172,1.05
22095,1610.41,1650,1.14
22096,586.82,1373,0.64
22097,739.57,1610,0.68
22098,1003.19,1994,0.96
22099,804.65,1446,0.95
22100,356.46000000000004,757,1.18
22101,2053.17,1438,2.27
22102,831.84,1622,2.06
22103,928.04,1260,2.09
22104,343.71,288,1.58
22105,847.82,574,3.98
22106,898.38,349,5.13
22107,2158.06,594,4.22
22108,415.09000000000003,152,3.11
22109,6928.65,1643,5.47
22110,4914.69,1173,4.05
22111,24509.84,4666,5.79
22112,32866.18,6026,6.06
22113,12805.33,3231,4.4
22114,33002.590000000004,5892,5.0
22115,2020.91,1549,2.35
22116,620.42,575,1.47
22117,3896.4500000000003,1504,2.89
22118,901.46,232,5.14
22119,1766.57,351,6.3
22120,5276.94,526,10.98
22121,2165.65,406,6.71
22123,1069.1699999999998,509,3.0
22124,309.11,150,2.46
22125,139.86,14,7.84
22127,504.88,404,2.23
22128,2127.53,1762,1.4
22129,1231.52,1194,1.98
22130,2664.6299999999997,2277,1.77
22131,3952.19,2039,2.8
22132,939.03,1038,1.21
22133,770.73,816,1.29
22134,419.42,890,0.65
22135,322.8,568,0.67
22136,680.93,379,2.3
22137,237.98000000000002,82,3.12
22138,24239.72,4948,5.35
22139,22912.81,4606,5.7
22141,6474.290000000001,2796,2.6
22142,4950.54,3264,1.74
22144,9681.18,4082,2.57
22145,63.0,61,0.7
22146,1.95,1,1.95
22147,8626.939999999999,6230,1.64
22148,3929.15,1939,2.25
22149,12373.880000000001,6158,2.44
22150,5925.389999999999,3030,2.27
22151,6332.29,15150,0.58
22152,1053.5,2408,0.55
22153,1134.25,2653,0.55
22154,1638.35,3749,0.54
22155,1134.45,2454,0.58
22156,2114.83,2198,1.17
22157,180.2,243,0.78
22158,11944.880000000001,3463,3.34
22161,1647.16,5088,0.59
22162,841.24,266,3.2
22163,1042.78,875,1.79
22164,250.22000000000003,78,3.53
22165,3328.2,415,11.87
22166,1614.4,207,12.05
22167,2401.0699999999997,238,10.7
22168,1205.3,150,8.27
22169,10354.26,1198,10.15
22170,6977.6,1068,7.74
22171,13746.11,1970,9.93
22173,7773.7,2473,3.83
22174,6013.429999999999,3239,2.58
22175,2600.13,879,3.46
22176,1539.8300000000002,514,3.28
22178,33187.97,24304,1.64
22179,7232.95,967,8.98
22180,3561.3399999999997,335,11.43
22181,500.90999999999997,591,1.0
22182,1430.48,374,4.33
22183,1916.01,322,5.96
22184,471.86,56,8.43
22185,2291.4399999999996,1510,1.94
22186,1997.48,848,3.04
22187,3245.68,1266,3.94
22188,12487.17,4871,4.35
22189,23463.47,8291,4.45
22190,1057.71,676,2.18
22191,11971.15,1452,8.85
22192,8189.29,954,9.04
22193,11882.57,1403,9.24
22194,625.6899999999999,68,9.57
22195,3725.6099999999997,1979,2.35
22196,2759.2599999999998,2853,1.22
22197,51354.02,56921,1.04
22198,1870.9099999999999,1025,2.23
22199,1927.84,468,5.27
22200,1809.48,398,5.91
22201,716.8,194,4.25
22202,319.35,67,5.4
22203,1483.13,404,4.45
22204,669.54,197,3.71
22206,4.17,5,0.83
22207,5837.84,1334,6.17
22208,1576.4699999999998,1515,1.27
22209,968.3699999999999,950,1.2
22210,959.6999999999999,1019,1.13
22211,1124.04,1009,1.29
22212,3713.54,1615,2.83
22214,416.59999999999997,193,2.63
22215,2471.39,343,8.51
22216,512.93,588,1.12
22217,832.51,840,1.32
22218,4.25,3,2.12
22219,4037.9799999999996,4138,1.18
22220,1859.2,232,10.01
22221,1104.54,131,10.62
22222,3880.2,1057,5.44
22223,1821.6100000000001,441,5.3
22224,2767.01,835,3.73
22227,1708.0700000000002,2341,0.89
22228,778.63,1001,0.93
22229,432.46,568,0.93
22230,480.91999999999996,1048,0.79
22231,1029.76,1000,1.22
22232,604.4599999999999,690,1.07
22233,607.7299999999999,597,1.29
22236,3624.5999999999995,308,12.52
22241,2641.93,1978,1.61
22242,994.3799999999999,650,1.92
22243,4753.29,3099,1.92
22244,3280.1099999999997,1705,2.82
22245,1070.85,1263,1.18
22246,962.77,431,2.82
22247,593.14,670,1.02
22248,525.9399999999999,594,1.04
22249,826.46,944,1.0
22250,732.65,821,1.05
22251,891.99,714,1.53
22252,770.32,650,1.24
22254,836.8000000000001,657,1.62
22255,602.63,629,1.19
22256,394.15,291,1.58
22257,280.42,373,1.1
22258,743.89,912,1.33
22259,332.84,481,1.05
22260,577.4399999999999,552,1.28
22261,549.81,585,1.12
22262,953.8599999999999,1027,1.1
22263,196.82,327,1.04
22264,738.68,1563,1.03
22265,366.15000000000003,540,0.78
22266,596.5,1888,0.57
22267,673.17,836,1.09
22268,804.04,2011,0.73
22269,622.74,933,1.04
22270,945.9499999999999,244,4.41
22271,5022.1,1706,3.37
22272,564.9200000000001,241,3.0
22273,12016.34,4514,3.26
22274,3974.1300000000006,1347,3.32
22275,527.85,69,7.65
22276,838.86,290,3.33
22277,897.74,417,2.61
22278,2709.3,406,7.34
22279,1007.15,834,1.41
22280,510.84,469,1.29
22281,935.39,132,7.99
22282,2378.52,149,17.21
22283,2742.33,301,9.93
22284,1641.62,954,2.02
22285,1494.8999999999999,871,2.04
22286,1065.3899999999999,1149,1.6
22287,720.16,796,1.53
22288,618.2,475,1.6
22289,198.52,152,1.48
22291,1946.62,1317,1.63
22292,1608.86,1139,1.59
22293,1341.6699999999998,907,1.71
22294,6901.33,5534,1.45
22295,4643.669999999999,2807,1.9
22296,5274.119999999999,3156,1.88
22297,5468.66,4171,1.74
22299,1386.97,1379,1.72
22300,3444.91,1543,3.1
22301,5031.83,2228,3.14
22302,5136.84,2330,2.73
22303,6353.55,2822,2.76
22304,1368.18,767,3.11
22305,1604.58,693,3.01
22306,1428.57,1174,1.83
22307,969.64,770,2.22
22308,877.38,250,4.21
22309,1093.6,370,3.73
22310,1296.23,668,2.58
22311,3418.51,1137,4.04
22312,1962.2900000000002,649,3.6
22313,1564.8300000000002,565,3.51
22314,1762.0700000000002,571,3.95
22315,1221.43,918,1.46
22316,743.62,661,1.37
22317,882.6200000000001,287,3.65
22318,1541.6200000000001,462,3.98
22319,587.86,1346,0.57
22320,1147.27,189,6.26
22321,881.3299999999999,917,1.28
22322,747.81,820,1.14
22323,1.95,2,0.98
22324,688.3,286,3.44
22325,1151.3,250,5.08
22326,24438.620000000003,8560,3.46
22327,4336.7,1180,4.27
22328,19130.37,6847,3.27
22329,2663.5399999999995,1604,2.07
22331,2975.14,1840,2.01
22332,1679.6499999999999,1033,1.8
22333,7047.24,4494,1.88
22334,1160.7099999999998,707,1.79
22335,1672.7900000000002,2386,0.91
22336,754.4100000000001,2383,0.63
22337,574.5400000000001,912,0.71
22338,1234.67,4683,0.45
22339,683.3100000000001,2468,0.44
22340,792.28,1411,0.76
22341,827.6299999999999,453,2.47
22342,1111.58,997,1.84
22343,873.9,1977,0.6
22344,460.38,1228,0.63
22345,399.62,1120,0.59
22346,381.65999999999997,1037,0.59
22348,3584.99,4086,1.08
22349,5389.0199999999995,1368,4.13
22350,3822.1199999999994,1413,3.06
22351,23.089999999999996,13,2.47
22352,7873.719999999999,3093,3.31
22353,155.54999999999998,122,2.36
22354,2860.98,750,4.56
22355,29277.95,18153,1.21
22356,11420.289999999999,9721,1.25
22357,2175.04,482,5.22
22358,2557.1200000000003,700,4.32
22359,608.72,189,3.48
22360,3210.52,1019,3.86
22361,2598.23,733,4.43
22362,1329.44,414,3.98
22363,1383.75,484,3.65
22364,2010.17,624,4.05
22365,5762.28,793,9.75
22366,6034.9,803,9.68
22367,7520.28,3758,2.41
22371,5093.57,1100,5.16
22372,1289.49,282,4.9
22374,2440.27,555,4.7
22375,1639.29,354,5.12
22376,1141.7,255,4.68
22377,2171.53,1330,2.42
22378,3649.0699999999997,2288,3.02
22379,15636.99,6910,3.18
22380,2823.86,1317,2.67
22381,7437.9400000000005,3441,3.02
22382,18092.36,10464,2.01
22383,22542.44,12553,2.16
22384,17435.19,10515,2.03
22385,17081.86,8684,2.64
22386,42436.24,21465,2.6
22389,641.55,338,2.58
22390,445.44,268,2.78
22391,245.57999999999998,158,2.87
22393,741.98,512,2.9
22394,230.67999999999998,168,2.64
22395,220.04,152,3.32
22396,634.43,1232,0.75
22398,1589.51,2576,0.77
22399,1347.08,1152,1.33
22400,731.82,1400,0.66
22402,1035.58,1723,0.68
22403,689.67,1323,0.89
22405,417.86,374,1.43
22406,403.46,346,1.51
22407,100.53,95,1.28
22408,163.69,146,1.49
22409,299.72,228,1.51
22410,247.42000000000002,237,1.42
22411,28634.95,12602,2.68
22412,1938.15,914,2.56
22413,11104.79,3777,3.35
22414,2038.39,282,9.78
22415,151.05,19,7.95
22416,1210.82,868,1.59
22417,4566.54,8426,0.76
22418,5585.45,6564,1.06
22419,1676.8799999999999,3347,0.6
22420,611.72,1334,0.59
22421,1347.52,2598,0.61
22422,776.75,1274,1.03
22423,174484.74,13890,13.96
22424,12383.83,875,15.88
22425,2346.1200000000003,461,5.69
22426,2858.96,746,4.85
22427,12671.060000000001,2113,6.53
22428,1854.76,253,8.07
22429,5549.68,1272,4.83
22430,3266.09,630,5.61
22431,4002.6099999999997,2062,2.3
22432,3350.62,1721,2.24
22433,2667.5,1394,2.28
22434,1580.16,798,2.12
22435,3456.75,2766,1.46
22436,1412.16,2155,0.7
22437,2418.94,2850,1.01
22438,1058.69,1022,1.74
22439,1297.1200000000001,1904,0.77
22440,2385.12,6034,0.45
22441,2301.31,1051,2.55
22442,1241.3,296,6.79
22443,1399.69,165,8.74
22444,1107.87,1383,1.67
22445,1624.7600000000002,537,3.51
22446,1135.18,439,2.81
22447,410.81,137,3.29
22448,656.4300000000001,201,3.9
22449,1587.3000000000002,492,3.25
22450,661.11,195,3.51
22451,779.1500000000001,242,3.84
22452,1831.1100000000001,746,2.33
22453,1191.69,444,2.76
22454,827.82,290,3.06
22456,9554.470000000001,1731,6.67
22457,28147.960000000003,9172,3.59
22458,1421.83,523,3.54
22459,1018.19,451,3.4
22460,3289.75,2559,1.55
22461,1453.5800000000002,239,10.39
22464,5519.419999999999,3427,1.93
22465,3153.0899999999997,2060,1.87
22466,5607.74,3070,2.48
22467,18890.47,8132,2.87
22468,3633.17,517,8.3
22469,32107.8,17979,1.96
22470,30139.41,9904,3.28
22471,1506.97,420,5.72
22472,1536.91,323,6.1
22473,1623.04,505,4.97
22474,1636.27,305,6.77
22475,1605.67,324,5.84
22476,2844.16,882,6.84
22477,1980.4,1374,1.78
22478,2218.12,1543,1.78
22479,1658.57,1139,1.78
22480,757.21,631,1.29
22481,748.08,827,1.07
22482,565.86,478,1.27
22483,2314.7400000000002,774,3.59
22485,7190.349999999999,526,15.01
22486,446.45,71,8.14
22487,7919.23,785,10.87
22488,5575.33,3196,2.07
22489,4072.97,9721,0.54
22491,3193.83,3959,0.91
22492,16937.82,26633,0.79
22493,3989.9399999999996,2463,1.91
22494,1573.52,1089,1.91
22495,751.7700000000001,283,3.64
22496,538.0600000000001,254,3.03
22497,1145.15,225,5.87
22498,2121.9900000000002,334,6.84
22499,12792.25,2091,6.79
22500,980.7,253,4.78
22501,19322.16,1785,14.16
22502,51426.62,2048,10.17
22503,2010.12,99,22.51
22504,4674.62,247,22.48
22505,7104.22,1461,5.66
22507,14193.35,2960,6.3
22508,6544.63,1599,4.55
22509,2132.44,211,13.06
22510,406.49,211,2.43
22511,495.2,251,2.8
22512,273.46,124,3.23
22513,543.65,153,4.65
22514,706.5500000000001,309,2.4
22515,608.95,272,2.52
22516,496.99,208,2.68
22517,462.33000000000004,206,2.49
22518,783.5400000000001,366,2.57
22519,906.7500000000001,413,2.54
22520,622.0999999999999,723,0.87
22521,533.16,619,0.91
22522,774.29,933,0.89
22523,751.66,866,0.94
22524,883.1999999999999,648,1.54
22525,648.97,492,1.75
22526,1720.26,127,14.09
22528,3.36,1,3.36
22529,349.87,853,0.46
22530,1517.72,3631,0.5
22531,1413.25,3384,0.49
22532,366.75,1072,0.45
22533,646.49,1847,0.45
22534,1871.12,4496,0.51
22535,671.01,1766,0.48
22536,1805.21,4755,0.44
22537,844.84,1931,0.49
22538,164.84,403,0.56
22539,1130.58,2921,0.56
22540,960.86,2519,0.52
22541,202.37,504,0.56
22543,531.64,1455,0.5
22544,1716.1799999999998,4521,0.53
22545,436.09,1143,0.56
22546,800.4,2104,0.53
22547,338.23,809,0.63
22548,2351.44,1981,1.4
22549,4799.83,3189,1.98
22550,4194.89,1165,4.38
22551,13615.31,8082,1.86
22553,7176.669999999999,4293,1.96
22554,13344.769999999999,7813,1.91
22555,9863.279999999999,6023,1.85
22556,10070.109999999999,6118,1.79
22557,7777.089999999999,4721,1.9
22558,13346.039999999999,8689,1.83
22559,626.53,507,1.56
22560,9602.32,8168,1.42
22561,9749.82,5888,1.78
22562,1773.3700000000001,1421,1.36
22563,3358.1800000000003,2831,1.35
22564,3063.52,2702,1.35
22565,873.52,934,1.11
22566,794.88,879,1.05
22567,3282.3,2470,1.56
22568,12440.14,3388,4.15
22569,10133.33,2765,4.27
22570,11227.47,3139,4.26
22571,2191.43,2441,1.08
22572,1255.72,1393,1.06
22573,2427.25,2689,1.12
22574,2202.14,2336,1.11
22575,1222.07,639,2.2
22576,1415.31,1539,1.09
22577,4075.9399999999996,10610,0.5
22578,3877.68,10462,0.47
22579,1988.8899999999999,5185,0.51
22580,6860.09,1317,5.71
22581,1138.98,1571,0.88
22582,2649.35,1061,3.13
22583,1572.9499999999998,574,3.28
22584,5954.61,2333,3.1
22585,7561.64,6233,1.47
22586,774.55,856,1.06
22587,833.0699999999999,921,1.04
22588,2149.31,687,3.5
22589,1212.82,379,3.65
22591,1509.41,449,4.43
22592,3021.12,658,5.09
22593,2087.3399999999997,2265,1.12
22594,1905.7699999999998,2006,1.18
22595,5731.259999999999,6801,1.03
22596,4142.92,3502,1.3
22597,1247.78,2822,0.69
22598,447.35999999999996,994,0.66
22599,967.7599999999999,1953,0.65
22600,1544.9299999999998,1700,1.07
22601,2222.3799999999997,2482,1.07
22602,2025.57,2217,1.12
22603,1237.08,1389,1.08
22604,3044.76,1253,2.85
22605,11276.21,782,16.22
22606,4670.36,325,16.13
22607,12571.369999999999,1331,10.73
22608,1121.48,5247,0.33
22609,1381.78,5946,0.42
22610,2578.24,9608,0.39
22611,1077.03,225,5.55
22613,1222.61,1538,1.01
22614,1024.8999999999999,3034,0.45
22615,660.7299999999999,2075,0.49
22616,7980.92,26339,0.45
22617,10745.050000000001,2210,5.46
22618,671.53,69,10.61
22619,9921.29,2570,4.61
22620,6789.46,4895,1.65
22621,10056.949999999999,6150,1.88
22622,13931.31,1342,12.38
22623,5248.21,940,6.18
22624,16528.31,1928,9.38
22625,14141.7,1645,9.67
22626,4427.36,526,8.98
22627,7547.39,867,9.32
22628,4625.860000000001,966,5.66
22629,25740.469999999998,14260,2.19
22630,21635.14,11793,2.33
22631,7207.37,3684,2.6
22632,8995.43,4479,2.21
22633,10057.320000000002,4867,2.19
22634,7191.15,766,10.31
22635,6422.28,682,10.37
22636,5009.56,596,8.88
22637,7121.38,2766,3.1
22638,481.88,300,2.28
22639,1937.7099999999998,806,2.79
22640,449.39,238,2.52
22641,303.72999999999996,139,2.59
22642,596.36,269,2.65
22643,445.16999999999996,240,2.18
22644,3000.02,2224,2.12
22645,4721.73,2364,2.26
22646,5695.7699999999995,4170,2.04
22647,466.18,733,1.37
22649,4147.7300000000005,801,5.93
22650,1333.75,861,1.9
22651,1837.4699999999998,2166,1.14
22652,8620.32,5097,1.97
22653,3380.45,1877,1.95
22654,9898.95,1412,7.75
22655,8125.0,60,143.42
22656,3685.0,26,146.75
22659,20818.7,11523,2.31
22660,2678.96,364,9.9
22661,4231.95,5214,0.98
22662,11090.58,6724,1.93
22663,7053.28,3420,2.57
22664,1472.85,713,2.87
22665,5195.030000000001,1524,3.99
22666,26240.600000000002,8297,3.68
22667,8101.150000000001,2901,3.04
22668,6710.42,2190,4.11
22669,3559.0,1128,3.77
22670,2518.0,1883,1.63
22671,1610.35,963,2.16
22672,2511.22,1476,2.09
22673,1019.83,794,1.49
22674,1697.72,1350,1.52
22675,1558.91,1243,1.55
22676,1580.89,1183,1.56
22677,1389.07,1018,1.68
22678,1152.81,865,1.6
22679,1024.28,762,1.65
22680,1160.29,856,1.59
22681,973.15,728,1.61
22682,896.75,689,1.52
22683,871.49,663,1.55
22684,728.57,543,1.6
22685,780.8,603,1.47
22686,1308.38,1019,1.81
22687,3354.22,629,10.7
22688,3519.6600000000003,722,8.6
22689,5176.25,720,9.99
22690,9959.6,1623,8.31
22691,2686.7200000000003,372,9.35
22692,11555.56,1529,9.49
22693,17927.45,16244,1.49
22694,4260.12,1846,2.55
22695,1001.49,741,1.75
22696,1456.4499999999998,737,2.33
22697,22826.3,7304,3.81
22698,17551.760000000002,5825,3.68
22699,29095.27,9878,3.65
22700,2608.08,1198,2.64
22701,922.89,549,2.6
22702,2684.6499999999996,1363,2.04
22703,583.33,360,1.75
22704,2168.76,5278,0.42
22705,801.36,1908,0.42
22706,847.94,2057,0.42
22707,527.94,1257,0.42
22708,1160.0,2800,0.42
22709,528.5,1325,0.42
22710,1774.42,4501,0.42
22711,1213.34,2927,0.42
22712,1842.36,4483,0.55
22713,1462.56,3501,0.54
22714,1415.73,3487,0.54
22715,645.64,1543,0.52
22716,1365.95,3213,0.52
22717,535.78,1229,0.56
22718,727.31,1657,0.57
22719,895.72,657,2.04
22720,38158.39,7507,5.82
22721,4678.71,1022,5.38
22722,24483.66,5979,4.66
22723,4282.570000000001,1169,4.3
22725,8168.6,1984,4.78
22726,27196.53,6431,4.53
22727,30701.12,7815,4.39
22728,20702.15,5364,4.58
22729,9080.2,2333,4.5
22730,11479.65,2892,4.41
22731,1536.24,1172,1.51
22732,2162.75,1645,1.57
22733,2095.08,1583,1.52
22734,10621.6,3403,3.46
22735,1387.46,746,2.53
22736,2315.25,1233,2.37
22737,2695.8,1389,2.34
22738,3856.07,2189,2.33
22739,3585.02,1835,2.36
22740,5793.62,6931,1.13
22741,7363.86,8547,1.11
22742,1333.21,643,3.02
22743,2420.34,934,3.64
22744,2091.5400000000004,870,3.11
22745,4678.59,2029,2.54
22746,3244.94,1451,2.51
22747,2087.15,957,2.49
22748,4897.63,2125,2.47
22749,9264.91,2375,4.11
22750,7563.08,2020,4.05
22751,5812.72,1566,4.23
22752,14453.470000000001,1790,9.79
22753,758.98,1011,0.97
22754,1352.1699999999998,1953,1.0
22755,1190.51,1690,0.98
22756,656.52,599,1.43
22757,1168.99,1097,1.54
22758,1112.75,1197,1.49
22759,9043.939999999999,5558,2.03
22760,3491.8599999999997,275,14.71
22761,895.38,36,25.53
22762,2786.0299999999997,171,17.67
22763,2186.27,207,11.3
22764,174.76999999999998,8,24.96
22765,316.95000000000005,27,19.87
22766,9843.59,3297,3.21
22767,7173.549999999999,774,10.27
22768,8268.539999999999,868,10.96
22769,366.73,11,37.61
22770,1515.68,94,16.29
22771,9050.44,6635,1.56
22772,5211.7,3869,1.66
22773,2754.4,2087,1.52
22774,2901.75,2278,1.59
22775,4621.87,3227,1.72
22776,13088.73,1245,11.44
22777,2951.53,356,10.49
22778,3146.82,810,4.86
22779,5802.6,1540,4.18
22780,5044.34,1346,4.19
22781,5198.66,622,9.83
22782,3399.95,241,19.36
22783,5961.25,465,14.19
22784,6405.54,1281,5.66
22785,1087.57,245,7.3
22786,764.63,123,7.62
22788,2025.96,220,12.06
22789,1688.22,860,2.15
22791,9963.880000000001,8027,1.51
22792,2643.33,2809,1.15
22794,2784.9,326,9.03
22795,8578.0,1212,8.11
22796,5807.349999999999,584,10.46
22797,2851.3599999999997,163,18.92
22798,5564.25,1799,3.78
22799,1631.58,208,8.71
22800,3564.49,871,4.95
22801,4215.14,1030,4.72
22802,1494.69,88,18.76
22803,2038.0900000000001,54,38.97
22804,8135.400000000001,3142,3.18
22805,2593.53,1904,1.67
22806,677.0400000000001,260,3.39
22807,2428.1800000000003,825,3.75
22808,1038.8700000000001,345,3.6
22809,3822.5000000000005,1254,3.49
22810,3045.6800000000003,985,3.57
22811,2419.29,881,3.84
22812,3610.2499999999995,1833,2.76
22813,4640.78,2372,2.65
22814,893.51,2141,0.49
22815,1123.8799999999999,2640,0.49
22816,1706.8799999999999,4023,0.46
22817,1114.81,2639,0.48
22818,1560.48,3657,0.46
22819,1104.81,2608,0.47
22820,575.4200000000001,940,0.61
22821,730.47,1183,0.7
22822,2588.7000000000003,434,6.44
22823,2745.0,46,109.64
22824,1938.2500000000002,55,35.67
22825,584.37,73,8.48
22826,6210.0,58,114.02
22827,5415.0,39,152.22
22828,1530.0,10,156.43
22829,2315.33,234,10.66
22830,2610.29,133,18.66
22831,2070.9,706,3.32
22832,1781.82,162,11.53
22833,2603.5299999999997,77,47.09
22834,7136.2300000000005,4970,2.22
22835,18055.11,3474,5.87
22837,5662.58,1235,5.47
22838,9765.11,694,17.17
22839,7011.57,447,18.56
22840,6927.64,916,8.36
22841,4109.72,531,8.4
22842,3823.21,590,7.18
22843,2911.27,453,7.15
22844,9686.82,1006,10.81
22845,5403.28,803,7.84
22846,10676.619999999999,665,17.7
22847,14389.34,906,17.36
22848,5225.4,327,17.92
22849,5061.63,325,16.92
22851,2375.44,2749,1.0
22852,1757.8799999999999,390,4.64
22853,1655.96,472,3.63
22854,3708.52,767,5.39
22855,3304.23,2644,1.53
22856,729.57,569,3.95
22857,977.7599999999999,1159,1.32
22858,1865.7299999999998,1129,1.94
22859,2012.9699999999998,1209,1.92
22860,1032.62,598,1.96
22861,522.93,305,2.01
22862,843.95,175,5.4
22863,2076.63,721,3.29
22865,17910.030000000002,8549,2.35
22866,14410.62,6640,2.31
22867,14078.69,6444,2.39
22868,146.6,64,2.99
22869,246.14,96,3.19
22870,242.24,94,3.23
22871,163.35,67,3.26
22872,177.46,72,3.19
22873,145.5,60,3.05
22874,150.81,65,2.94
22875,149.09,63,2.91
22876,138.81,61,2.94
22877,138.10999999999999,63,2.64
22878,204.19,75,3.45
22879,102.46,70,2.87
22880,200.59,99,3.26
22881,197.56,102,3.22
22882,213.7,108,3.03
22883,191.48,100,3.29
22884,194.04999999999998,99,3.09
22885,172.78,96,3.1
22886,146.43,87,2.88
22887,126.78,78,2.97
22888,124.97999999999999,76,3.16
22889,272.2,173,3.54
22890,3999.5699999999997,391,11.25
22891,2125.18,424,5.79
22892,3029.1,2478,1.25
22893,931.02,1872,0.64
22894,3027.3799999999997,305,10.17
22895,6349.95,2063,3.59
22896,4063.7599999999998,1592,3.2
22897,2016.0,1352,1.81
22898,5174.32,2426,2.55
22899,4328.530000000001,2071,2.43
22900,14975.93,4919,3.72
22902,2650.08,1296,2.66
22903,550.6,193,3.03
22904,5479.06,1838,3.35
22905,1505.24,582,2.79
22906,2959.4199999999996,1740,2.04
22907,5681.9,6587,0.99
22908,3573.83,4385,0.97
22909,8050.53,8987,0.99
22910,32873.340000000004,10604,3.36
22911,1361.0400000000002,464,3.24
22912,1342.39,287,5.29
22913,1673.15,352,5.55
22914,2266.1600000000003,468,5.5
22915,1406.42,3152,1.17
22916,1316.16,1908,0.85
22917,1344.77,1944,0.85
22918,1278.6000000000001,1874,0.85
22919,1224.46,1757,0.84
22920,2155.94,3427,0.86
22921,1184.1200000000001,1721,0.84
22922,1422.8999999999999,1587,1.77
22923,1140.97,1378,0.98
22924,1169.8999999999999,1313,1.37
22925,2763.42,452,6.44
22926,3674.7000000000003,597,6.28
22927,2704.71,431,6.64
22928,1993.75,288,7.78
22929,1199.75,19,63.92
22930,2849.35,1109,3.07
22931,1968.4,815,2.83
22932,2000.88,884,2.71
22933,2585.92,940,3.49
22934,1707.47,589,3.23
22935,2066.82,690,3.8
22936,895.97,279,4.33
22937,2568.3399999999997,974,2.92
22938,4488.63,2367,2.09
22939,2407.52,472,6.0
22940,7954.0,1930,4.54
22941,13812.92,1672,9.95
22942,4469.04,609,8.34
22943,6785.17,1385,6.22
22944,1843.64,3375,1.32
22945,3019.12,3003,2.2
22946,7047.17,454,18.15
22947,8714.24,751,13.02
22948,1604.99,1601,1.67
22949,1434.9499999999998,968,1.72
22950,7133.0,5210,1.59
22951,4010.55,7518,0.67
22952,9524.720000000001,16079,0.76
22953,647.11,502,1.36
22954,247.63,202,1.39
22955,2070.15,1192,2.29
22956,3992.5800000000004,2055,2.22
22957,5023.5,1778,3.11
22959,2014.42,4926,0.41
22960,37128.88,8717,5.07
22961,25660.98,16412,1.9
22962,3294.91,3904,1.06
22963,2778.8399999999997,3291,1.08
22964,5481.09,2628,2.53
22965,2914.8100000000004,1373,2.35
22966,9212.15,7448,1.45
22967,3277.3100000000004,1173,3.01
22968,7861.93,823,11.84
22969,18788.55,12532,1.79
22970,10224.75,4367,2.73
22971,5849.29,2431,2.78
22972,3072.5899999999997,1798,1.98
22973,2145.91,1261,2.03
22974,2744.5399999999995,1607,2.04
22975,1624.63,1204,1.54
22976,1420.26,1091,1.51
22977,1253.86,951,1.48
22978,9568.73,2465,4.34
22979,6401.969999999999,4097,1.81
22980,3914.9599999999996,2366,1.92
22981,705.5799999999999,472,1.87
22982,1545.02,1155,1.64
22983,2261.6,5302,0.52
22984,1106.17,2717,0.48
22985,1500.44,3782,0.42
22986,1712.1,4105,0.42
22987,42.84,102,0.42
22988,10938.31,9151,1.49
22989,9012.27,2815,3.69
22990,2942.1800000000003,638,5.31
22991,7608.79,3889,2.27
22992,10379.84,5236,2.27
22993,16507.23,12672,1.5
22994,958.2,2197,0.53
22995,1062.0,2389,0.54
22996,2099.97,4813,0.53
22997,1115.93,2595,0.49
22998,5314.9,12490,0.5
22999,1280.31,2960,0.48
23000,1369.12,3171,0.52
23001,0.0,200,0.0
23002,925.29,2145,0.52
23003,226.2,542,0.42
23004,906.9399999999999,2011,0.6
23005,2147.55,4783,0.52
23006,765.27,1764,0.52
23007,7758.699999999999,499,15.92
23008,6753.509999999999,435,16.14
23009,4082.5199999999995,263,15.99
23010,4896.549999999999,316,16.3
23012,4208.96,1074,4.62
23013,3678.11,925,4.67
23014,3427.4800000000005,858,4.86
23015,346.63,41,8.67
23016,575.25,74,8.71
23017,826.28,67,12.76
23018,612.1600000000001,51,12.9
23019,629.0500000000001,81,8.08
23020,2191.84,180,13.0
23021,504.97,121,4.43
23022,808.16,422,2.03
23023,457.61999999999995,286,1.76
23024,667.8500000000001,255,3.01
23025,760.8000000000001,350,2.27
23026,1201.04,557,2.32
23027,627.95,295,2.22
23028,2387.0299999999997,1375,1.92
23029,2303.9199999999996,1352,1.84
23031,2181.9999999999995,1296,1.83
23032,3876.7799999999997,2342,1.77
23033,1067.6,720,1.81
23034,1466.07,991,1.62
23035,3226.0899999999997,2209,1.64
23036,233.67000000000002,185,1.32
23037,325.15999999999997,196,1.89
23038,42.919999999999995,44,1.33
23039,399.71,199,2.39
23040,1394.03,253,6.28
23041,1178.48,272,4.61
23042,711.51,103,7.36
23043,543.51,81,7.33
23044,435.74000000000007,104,4.3
23045,497.9800000000001,118,4.48
23046,2111.4900000000002,349,6.81
23047,333.5,58,5.75
23048,2384.9700000000003,581,4.65
23049,3896.84,456,8.92
23050,4286.55,497,9.22
23051,3223.49,365,9.64
23052,5949.34,654,9.78
23053,3262.57,365,9.81
23054,2621.43,297,9.52
23055,1401.43,658,5.64
23056,2916.87,966,6.19
23057,1783.52,776,4.79
23058,430.86,490,1.23
23060,528.1700000000001,249,2.22
23061,1355.18,1033,1.53
23064,3717.56,221,45.49
23065,3439.94,274,12.97
23066,2137.81,259,8.92
23067,1249.1100000000001,297,4.34
23068,1976.89,813,2.58
23069,568.71,90,6.44
23070,709.5400000000001,160,5.09
23071,1255.1,319,10.86
23072,1273.76,334,13.73
23073,1719.0,144,12.41
23074,555.59,250,2.61
23075,1981.0500000000002,477,4.24
23076,9965.76,8100,1.35
23077,13720.77,10415,1.35
23078,8553.34,6831,1.43
23079,2243.35,253,8.94
23080,9158.87,1079,9.33
23081,4046.5,484,9.4
23082,8577.51,2333,4.09
23083,7254.650000000001,1933,4.23
23084,66964.99,31722,2.35
23085,3635.23,381,10.82
23086,1455.18,1228,1.51
23087,1090.66,868,1.59
23088,1033.28,795,1.63
23089,4217.73,2355,2.38
23090,1870.86,2238,0.98
23091,3725.07,593,6.68
23092,3773.5800000000004,525,8.1
23093,2244.2200000000003,941,2.78
23094,1924.92,152,12.82
23096,1759.7899999999997,1047,2.02
23099,925.35,137,7.04
23100,2743.13,2169,1.42
23101,1744.61,2037,0.97
23102,1086.6499999999999,1288,0.97
23103,6859.359999999999,4080,1.84
23104,1405.42,118,12.86
23106,815.59,291,2.94
23107,1009.51,359,3.2
23108,13303.019999999999,2221,6.47
23109,6878.37,2401,3.26
23110,4158.68,702,6.66
23111,3839.2400000000002,312,13.47
23112,4514.58,547,9.16
23113,5868.5,1154,6.36
23114,737.95,149,5.45
23115,785.1700000000001,155,5.8
23116,392.34000000000003,78,6.18
23117,501.23,93,5.6
23118,6102.18,823,8.36
23119,1402.32,2283,0.78
23120,695.41,1716,0.46
23121,1002.54,2506,0.55
23122,1727.75,2253,1.04
23123,760.4,936,1.01
23124,751.38,567,1.75
23125,574.88,459,1.91
23126,5556.79,1114,5.37
23127,3763.9500000000003,737,5.26
23128,2283.41,453,5.26
23129,3999.5000000000005,950,4.58
23130,3988.98,962,4.52
23131,3840.13,991,4.17
23132,5219.1,1034,6.21
23133,5525.4,782,9.16
23134,6431.110000000001,1173,7.51
23135,5416.18,1669,5.43
23136,511.89,135,4.03
23137,275.62,83,3.98
23138,1238.76,884,1.59
23139,530.15,415,1.61
23140,766.1,182,4.54
23141,272.91,79,4.24
23142,1220.8200000000002,121,11.12
23143,239.97,30,9.93
23144,4197.83,5089,0.94
23145,1979.4799999999998,2084,1.08
23146,2655.13,801,3.51
23147,2755.1,1870,1.53
23148,1820.4599999999998,2144,0.91
23149,251.45000000000002,99,2.73
23150,390.75000000000006,148,2.94
23151,116.82000000000001,62,2.25
23152,2095.65,558,3.95
23153,1020.69,263,4.24
23154,5907.360000000001,2732,2.2
23155,1914.7299999999998,2233,1.46
23156,3437.85,1672,2.26
23157,5170.1,3022,2.33
23158,5517.99,2635,2.67
23159,4771.76,2321,2.31
23160,1809.48,1462,1.49
23161,2145.3,1715,1.59
23162,5143.6900000000005,1412,4.42
23163,4515.22,1832,3.33
23164,2718.65,578,5.58
23165,5147.66,3118,1.97
23166,81700.92000000001,78033,1.47
23167,4476.009999999999,5847,1.0
23168,4559.92,3292,1.78
23169,6671.14,1564,4.71
23170,11117.05,6869,2.07
23171,10051.99,6247,2.13
23172,6360.909999999999,3871,2.07
23173,24918.93,2770,11.11
23174,12350.73,3057,4.79
23175,9600.15,3166,3.87
23176,4697.58,2167,2.66
23177,5528.04,2535,2.7
23178,943.9200000000001,330,3.32
23179,930.48,324,3.52
23180,621.09,122,5.94
23181,1733.57,201,9.42
23182,3718.0899999999997,3777,1.52
23183,967.17,226,4.88
23184,4764.5,874,6.45
23185,116.58999999999999,323,0.35
23186,819.4599999999999,1982,0.34
23187,695.06,2338,0.32
23188,6451.07,3473,1.93
23189,3507.51,1249,3.4
23190,2761.8999999999996,1702,1.8
23191,3656.9399999999996,2218,1.87
23192,6142.289999999999,3533,1.77
23193,4097.28,1930,2.71
23194,4086.37,1839,2.7
23196,2848.04,1888,1.79
23197,2323.7999999999997,1492,1.95
23198,5068.4,3346,1.8
23199,30475.65,14920,2.57
23200,14197.28,7171,2.42
23201,27890.170000000002,13379,2.39
23202,21852.81,11062,2.29
23203,42067.78,20603,2.27
23204,7741.94,7976,1.12
23205,5728.08,5859,1.15
23206,20911.98,12183,2.05
23207,13360.2,7851,1.99
23208,10498.01,6342,1.93
23209,21450.17,13289,1.82
23210,3617.78,2902,1.46
23211,2933.07,2331,1.56
23212,2865.89,2300,1.49
23213,2139.67,1683,1.49
23214,1705.44,794,2.38
23215,7044.64,3567,2.26
23216,630.73,525,1.45
23217,1613.82,1309,1.54
23218,483.03,379,1.57
23219,568.6,430,1.53
23220,869.9799999999999,994,1.08
23221,1363.87,1537,1.07
23222,718.53,799,1.05
23223,751.8499999999999,803,1.08
23224,649.02,738,1.04
23225,1177.0,1356,1.09
23226,1596.67,1247,1.57
23227,2070.06,1642,1.57
23228,1960.0,1492,1.79
23229,6739.71,1869,4.24
23230,3228.42,8001,0.42
23231,3008.34,7277,0.42
23232,3478.92,8626,0.42
23233,2105.5,5175,0.42
23234,5088.45,1941,3.36
23235,1957.69,739,2.96
23236,7106.21,2509,3.27
23237,4278.54,1054,4.25
23238,7825.56,1862,4.74
23239,3399.4900000000002,853,4.39
23240,17037.52,4186,4.44
23241,4709.07,2184,2.48
23242,3037.11,1476,2.28
23243,23514.170000000002,4805,5.86
23244,1733.9799999999998,936,2.09
23245,31177.95,6357,5.88
23247,6715.93,2206,3.28
23249,1445.8999999999999,854,1.89
23250,1531.03,1179,1.47
23251,2107.0,1713,1.41
23252,2276.61,607,4.03
23253,3848.8599999999997,258,17.15
23254,6932.16,1710,4.26
23255,4101.37,1015,4.35
23256,8675.37,2115,4.46
23263,5184.69,3893,1.44
23264,2694.56,1966,1.49
23265,2423.54,1784,1.48
23266,2757.57,2064,1.45
23267,1531.95,1202,1.41
23268,2019.59,1840,1.6
23269,1163.1299999999999,786,1.71
23270,1659.37,1279,1.49
23271,1499.3799999999999,1734,1.05
23272,562.2199999999999,364,1.92
23273,1649.0499999999997,969,1.88
23274,2009.9499999999998,1183,2.01
23275,4557.97,3749,1.47
23280,1614.99,2024,1.06
23281,1000.82,1280,0.98
23282,757.86,812,1.26
23283,7003.38,1011,8.62
23284,38166.64,5504,8.74
23285,4572.41,4807,1.07
23286,4747.62,5048,1.03
23287,1613.59,1891,1.03
23288,4444.2300000000005,4625,1.04
23289,2013.7,1622,1.54
23290,2899.1000000000004,2437,1.43
23291,2060.28,1635,1.52
23292,2704.58,2182,1.53
23293,7001.99,8486,1.06
23294,3631.0499999999997,4420,1.08
23295,5078.429999999999,6140,1.11
23296,5988.05,4981,1.52
23297,6792.23,4303,1.84
23298,43182.83,8644,5.51
23299,3784.13,1015,4.36
23300,11815.689999999999,6827,1.91
23301,16357.05,8825,1.94
23302,2194.62,1544,1.88
23303,126.75,65,1.95
23304,138.45,71,1.95
23305,159.9,82,1.95
23306,4123.38,3538,1.79
23307,6379.59,12063,0.68
23308,3279.21,6151,0.69
23309,4527.2,8332,0.74
23310,4997.28,12050,0.48
23311,6488.2,2390,2.97
23312,5968.3,1424,4.45
23313,15833.310000000001,2997,5.54
23314,5037.96,409,13.6
23315,2094.24,213,10.78
23316,2511.59,251,11.1
23317,1787.4099999999999,174,11.21
23318,9167.390000000001,3811,2.74
23319,9266.84,3739,2.65
23320,7072.16,2668,2.8
23321,8473.269999999999,4737,1.75
23322,8925.410000000002,3085,3.13
23323,3155.1800000000003,1473,2.25
23324,816.0400000000001,399,2.21
23325,740.9399999999999,462,1.81
23326,2237.71,3443,2.61
23327,1051.14,1734,0.79
23328,13284.49,2845,4.84
23329,3056.3399999999997,1778,1.76
23330,2299.47,1804,1.36
23331,1062.28,1596,0.78
23332,3570.7599999999998,2076,1.76
23333,2721.7,2110,1.33
23334,1491.75,2271,0.79
23335,792.86,378,2.33
23336,521.33,226,2.6
23337,388.75,180,2.29
23338,915.4000000000001,431,2.34
23339,405.0,175,2.51
23340,4053.8799999999997,2512,1.96
23341,2749.85,308,9.93
23342,3193.41,375,8.83
23343,13978.95,9981,2.41
23344,23815.75,10306,2.41
23345,2891.25,2455,1.5
23346,3117.34,2632,1.52
23347,1077.3,860,1.56
23348,1642.13,1549,2.48
23349,4355.1,3231,1.54
23350,3456.33,2721,1.46
23351,4880.65,3539,1.51
23352,2462.95,1803,1.51
23353,3517.5199999999995,4016,1.0
23354,3431.89,3743,0.97
23355,28842.550000000003,5841,5.27
23356,13494.970000000001,2386,6.2
23357,1993.6000000000001,453,4.97
23358,2012.13,595,4.19
23359,1872.31,993,1.99
23360,2296.15,1187,2.06
23365,1464.38,1859,0.79
23366,1670.55,2253,0.81
23367,2495.75,3285,0.76
23368,1681.5,2382,0.78
23369,1581.06,1105,1.5
23370,2157.85,1555,1.53
23371,2313.53,1712,1.51
23372,1752.79,1391,1.61
23373,1313.3899999999999,1608,0.91
23374,1962.83,2456,0.87
23375,1108.8899999999999,1352,0.94
23376,1389.59,3051,0.51
23377,593.62,1354,0.56
23378,1842.42,4003,0.46
23379,465.36,1220,0.54
23380,983.5,2344,0.49
23381,567.9499999999999,1509,0.47
23382,7356.18,1875,4.66
23388,3448.69,825,4.63
23389,4780.54,1122,4.52
23390,3042.19,751,4.38
23391,1632.3200000000002,390,4.61
23392,1485.43,667,2.68
23393,3230.41,807,4.47
23394,1888.9,438,4.93
23395,3305.83,761,4.87
23396,2780.5299999999997,662,4.77
23397,5097.65,489,11.57
23398,538.75,610,1.04
23399,1752.35,1922,1.1
23400,2409.34,462,6.79
23401,2354.87,459,7.09
23402,1151.03,297,4.44
23403,2207.86,626,4.37
23404,4561.76,1052,5.99
23405,1321.38,254,5.96
23406,2428.9100000000003,472,7.04
23407,2729.33,269,10.6
23408,644.8000000000001,310,2.08
23409,801.6800000000001,215,3.81
23410,290.1,36,8.03
23411,1118.6100000000001,227,5.84
23412,2354.8,362,7.53
23413,929.11,177,6.27
23414,1378.75,141,10.07
23415,412.17999999999995,328,1.45
23416,184.67999999999998,132,1.76
23417,157.5,146,1.6
23418,1168.08,558,2.56
23419,1045.8,474,2.67
23420,353.45,165,2.33
23421,353.36,162,2.5
23422,477.89,213,2.78
23423,876.9,219,4.54
23424,2529.42,466,6.18
23425,621.44,275,3.1
23426,3450.21,1277,3.33
23427,2873.08,238,12.96
23428,675.91,77,9.92
23429,400.01,47,8.89
23430,301.88,36,8.62
23431,1175.3799999999999,1454,1.34
23432,1090.02,1278,1.35
23433,1108.58,1258,1.5
23434,1892.07,2105,0.88
23435,734.7900000000001,827,0.9
23436,2367.39,1979,1.44
23437,2373.63,1939,1.42
23438,2227.42,1823,1.37
23439,8941.61,4027,2.22
23440,299.36,164,2.02
23441,9.24,22,0.42
23442,87.36,42,2.08
23444,1200.0,279,15.0
23445,2177.8399999999997,2688,0.87
23446,230.24999999999997,157,1.58
23447,231.89999999999998,158,1.6
23448,41.24999999999999,25,1.65
23449,15.0,12,1.25
23451,558.12,278,2.27
23452,1021.76,518,2.07
23453,631.5799999999999,324,1.99
23454,753.95,179,4.49
23455,569.4300000000001,207,2.87
23456,634.1,158,4.12
23457,554.83,113,5.1
23458,762.4499999999999,51,14.95
23459,412.5,33,12.5
23460,1007.0799999999999,108,9.9
23461,3082.71,857,4.53
23462,1607.04,80,20.7
23463,139.39999999999998,13,11.21
23464,99.2,18,6.21
23465,247.63,29,8.77
23466,498.03,55,10.08
23467,120.08000000000001,32,4.37
23468,156.75,19,8.25
23469,1355.24,332,4.64
23470,1460.5,232,6.81
23471,626.74,66,10.15
23472,909.37,59,16.06
23473,552.85,679,0.95
23474,270.96,312,1.04
23475,242.17999999999998,286,0.96
23476,264.72,205,1.47
23477,123.47,92,1.72
23478,324.40000000000003,285,1.51
23479,880.23,114,8.26
23480,6726.64,1801,4.4
23481,281.17,228,1.28
23482,661.02,418,1.77
23483,1651.36,1340,2.38
23484,547.35,185,3.67
23485,5843.92,262,24.79
23486,4145.47,275,17.81
23487,795.5799999999999,80,10.37
23489,2709.23,913,3.22
23490,2055.27,548,3.96
23491,1897.76,228,8.46
23492,635.38,76,8.55
23493,8509.68,3970,2.15
23494,5377.81,813,6.8
23495,306.66,225,1.72
23496,154.52,112,1.56
23497,3660.37,2561,1.62
23498,2378.4799999999996,1644,1.65
23499,587.49,1315,0.48
23500,2044.58,1631,1.38
23501,2220.37,1823,1.49
23502,896.41,714,1.3
23503,4864.3,3646,1.28
23504,2857.64,1934,1.35
23505,1660.04,1207,1.35
23506,1139.2,2747,0.46
23507,1156.51,2884,0.47
23508,1165.13,2631,0.47
23509,452.72,1065,0.48
23510,1119.22,2522,0.5
23511,1256.17,573,2.33
23512,977.3199999999999,501,2.31
23513,1114.26,566,2.31
23514,977.39,478,2.35
23515,1164.98,579,2.39
23516,1062.35,297,3.85
23517,996.38,334,3.45
23518,983.3000000000001,362,3.09
23519,792.31,224,4.48
23520,604.3,168,3.96
23521,793.37,413,4.2
23522,727.4399999999999,354,3.68
23523,1173.8100000000002,360,3.93
23524,1557.63,481,4.32
23525,1867.5700000000002,583,4.16
23526,6021.4,1012,8.25
23527,1432.31,421,3.99
23528,1504.49,479,4.78
23529,2011.9900000000002,637,4.34
23530,4465.97,1062,5.57
23531,5559.11,979,7.66
23532,901.58,210,5.3
23533,998.64,215,6.17
23534,8614.85,1388,7.53
23535,8469.99,1329,7.42
23536,3442.13,626,6.79
23537,581.13,111,6.94
23538,1334.49,332,5.75
23539,1227.95,247,6.59
23540,947.0600000000001,150,8.42
23541,6823.91,892,9.65
23542,3800.16,506,9.78
23543,7019.01,1237,8.53
23544,1015.78,164,7.52
23545,1025.6,2480,0.42
23546,1375.5,3275,0.42
23547,661.5,1575,0.42
23548,451.5,1075,0.42
23549,548.1,1305,0.42
23550,763.1,1855,0.42
23551,841.01,1843,0.51
23552,3883.99,1864,2.26
23553,6457.15,569,13.29
23554,4830.53,424,13.03
23555,4818.07,424,12.88
23556,4974.51,439,12.61
23557,3930.27,350,13.18
23558,4741.37,418,13.09
23559,1488.65,652,2.85
23560,502.07000000000005,173,3.52
23561,476.0,170,3.41
23562,730.37,253,3.27
23564,841.31,644,1.76
23565,586.31,410,1.85
23566,1159.43,883,1.76
23567,291.58,211,1.82
23568,787.52,630,1.75
23569,4752.31,961,5.29
23570,4944.37,2782,1.43
23571,6436.61,2859,1.89
23574,105.0,114,7.0
23575,367.34999999999997,179,2.58
23576,400.03999999999996,198,2.4
23578,125.72,60,2.42
23579,362.65,179,2.4
23580,236.87,117,2.2
23581,11613.03,5035,2.25
23582,10233.45,4815,2.21
23583,5513.83,3395,1.8
23595,0.0,5,0.0
23597,684.97,251,3.17
23598,1218.48,428,3.23
23601,19.92,8,2.49
23602,2.91,1,2.91
23603,49.800000000000004,20,2.49
23604,6.64,4,1.66
23605,11.64,4,2.91
23607,13.28,8,1.66
23608,11.64,4,2.91
23609,2.91,1,2.91
23610,6.24,3,2.08
23611,99.60000000000001,40,2.49
23612,8.299999999999999,5,1.66
23613,27.39,11,2.49
23614,86.58000000000001,26,3.33
23615,9.96,4,2.49
23616,19.92,8,2.49
23617,5.82,2,2.91
23619,9.96,4,2.49
23620,24.900000000000002,10,2.49
23621,14.940000000000001,6,2.49
23623,23.28,8,2.91
23624,9.96,4,2.49
23625,44.910000000000004,9,4.99
23626,107.07000000000001,43,2.49
23627,17.43,7,2.49
23628,2.91,1,2.91
23629,59.760000000000005,24,2.49
23630,5.48,2,2.74
23632,31.200000000000003,15,2.08
23633,7.470000000000001,3,2.49
23634,14.55,5,2.91
23635,12.48,3,4.16
23636,26.19,9,2.91
23637,27.39,11,2.49
23638,5.82,2,2.91
23639,13.32,4,3.33
23640,22.410000000000004,9,2.49
23643,3.33,1,3.33
23644,16.65,5,3.33
23645,22.410000000000004,9,2.49
23646,19.92,8,2.49
23649,4.98,2,2.49
23650,9.96,4,2.49
23652,5.82,2,2.91
23654,12.450000000000001,5,2.49
23660,534.66,306,2.24
23661,393.59,219,2.23
23664,1.65,1,1.65
23681,2526.69,1577,1.86
23691,481.5,1175,0.42
23692,21.0,50,0.42
23694,165.07999999999998,376,0.59
23695,323.32,765,0.5
23697,194.58,456,0.52
23702,27.0,104,6.38
23843,168469.6,80995,2.08
35001G,681.59,199,3.71
35001W,270.02000000000004,92,3.08
35004B,2934.8100000000004,577,6.27
35004C,1888.1000000000001,394,5.24
35004G,454.65,127,5.35
35004P,5.45,2,2.72
35095A,388.57,925,0.69
35095B,352.25,862,0.66
35241,530.49,103,5.91
35265,52.2,17,2.29
35271S,3.6100000000000003,19,0.19
35400,89.5,18,5.59
35443,6.8,8,0.85
35471D,984.5699999999999,1862,0.91
35591T,6.25,5,1.25
35592T,0.0,4,0.0
35597A,1.25,1,1.25
35597B,1.25,1,1.25
35597D,17.48,48,0.25
35598A,26.550000000000004,17,1.97
35598B,460.64,558,1.93
35598C,5.9,5,1.97
35598D,493.01,684,1.5
35599B,551.13,217,3.46
35599D,553.07,201,4.02
35600A,0.0,1,0.0
35607A,7.82,27,0.61
35607B,18.240000000000002,96,0.19
35609A,2.51,1,2.51
35610A,15.02,10,2.09
35610B,30.0,24,1.25
35610C,32.51,25,1.88
35637A,440.62,170,4.99
35637C,100.86,30,6.21
35638A,82.1,38,3.55
35638B,128.32999999999998,57,5.39
35645,17.0,25,2.55
35646,937.25,619,2.04
35647,16.25,13,1.25
35648,1068.32,981,1.46
35649,156.85,57,2.7
35650,4.95,1,4.95
35651,985.8399999999999,451,2.9
35653,433.19,183,3.22
35809A,488.89,421,1.91
35809B,9.18,20,1.26
35809a,37.33,9,4.15
35810A,640.92,634,1.65
35810B,174.09,164,1.63
35815P,63.28000000000001,202,0.52
35816P,29.64,78,0.38
35817P,19.86,18,1.46
35818B,11.780000000000001,31,0.38
35818P,106.97,266,0.67
35819B,106.81,365,0.48
35819P,66.55,203,0.44
35833G,6.72,2,3.36
35833P,89.72,50,2.25
35909A,23.6,8,2.95
35909B,23.6,8,2.95
35910A,39.0,20,1.95
35910B,25.349999999999998,13,1.95
35911A,292.07,339,0.96
35911B,100.76,119,1.14
35912B,301.26,252,1.68
35913B,36.33,37,1.07
35914,219.66,210,1.03
35915B,257.21999999999997,220,1.06
35915C,316.46,345,1.03
35916A,67.39,87,0.79
35916B,76.68,91,0.76
35916C,107.72,106,0.89
35920,104.84,72,1.99
35921,133.23,68,3.02
35922,138.6,28,4.95
35923,690.52,1318,0.78
35924,1484.3,820,2.55
35933,92.21000000000001,236,0.62
35951,0.0,57,0.0
35953,1634.9199999999998,3582,0.59
35954,359.6,1317,0.83
35957,361.81,723,1.4
35958,10.2,24,0.51
35961,2640.8599999999997,2999,1.13
35964,405.25,786,0.84
35965,551.13,461,2.06
35966,10.260000000000002,42,0.19
35967,252.33,485,0.73
35968,82.1,235,0.39
35970,9546.53,5070,2.41
35971,600.93,462,1.82
35972,120.0,96,1.25
37327,840.47,1585,1.58
37330,2.34,6,0.39
37333,120.99,25,5.02
37340,1695.86,2544,2.66
37342,1489.01,1571,1.54
37343,123.29999999999998,72,2.21
37351,9.06,10,0.82
37370,3844.81,2589,5.3
37379A,7.5,6,1.25
37413,284.49,6271,0.41
37423,33.18,78,0.54
37444A,67.13000000000001,61,1.63
37444B,11.8,5,2.21
37444C,43.050000000000004,28,1.92
37446,1986.24,1361,1.77
37447,1313.28,820,2.1
37448,2214.08,1456,1.79
37449,5127.24,564,9.91
37450,2126.3900000000003,717,3.65
37461,1.25,5,0.42
37462E,13.1,36,0.64
37464,3.75,3,1.25
37467,130.26999999999998,310,1.28
37468,32.42,132,0.84
37471,30.43,29,2.78
37474,9.95,2,4.97
37475,671.93,71,9.83
37476,399.02,37,11.49
37479B,78.09,140,1.44
37479P,146.91,175,2.13
37482P,354.03,506,2.65
37487B,19.72,68,0.29
37488A,10.92,28,0.39
37489A,14.43,35,0.46
37489B,16.77,31,0.65
37489C,13.65,23,0.78
37489D,17.16,40,0.48
37491A,19.81,6,3.31
37491B,6.6,4,1.65
37491C,13.2,8,1.65
37491D,9.879999999999999,4,2.47
37495,1622.24,440,4.02
37500,2360.68,380,7.21
37501,906.83,134,6.54
37509,5.1,5,1.27
40001,675.2299999999999,821,1.08
40003,179.23,155,1.64
40005B,10.2,12,0.85
40016,2136.34,5556,2.28
40046A,62.5,70,1.07
44089A,6.3,15,0.42
44089C,10.08,24,0.42
44091A,3.78,9,0.42
44092B,11.899999999999999,14,0.85
44092C,18.7,22,0.85
44228,30.599999999999998,36,0.85
44234,155.82,698,0.41
44235,200.45999999999998,539,0.42
44236,56.52,52,1.34
44242A,9.48,12,0.79
44242B,50.28,52,0.94
44265,8.5,5,2.12
45013,8.850000000000001,3,2.95
46000M,1582.55,1701,1.5
46000P,76.5,18,4.25
46000R,149.35,103,1.45
46000S,2256.2,2626,1.41
46000U,133.75,117,1.2
46115B,2.2800000000000002,12,0.19
46118,317.16999999999996,232,2.81
46126A,69.84,52,1.55
46138B,43.15,43,1.03
46775D,720.93,66,11.23
46776A,651.95,155,4.2
46776B,679.67,161,4.21
46776C,492.79,117,4.22
46776D,378.29,89,4.2
46776E,288.43,67,4.24
46776F,883.12,210,4.21
46776a,20.65,5,4.13
46776b,4.13,1,4.13
46776e,4.13,1,4.13
46776f,28.91,7,4.13
47013A,3.0399999999999996,14,0.2
47013C,12.969999999999999,56,0.4
47016,4.2,2,2.1
47021G,309.29999999999995,870,1.84
47310M,570.4499999999999,410,1.57
47341A,38.75,27,1.75
47341B,56.25,45,1.25
47343A,145.17,159,0.97
47344B,43.66,44,0.97
47348A,50.31,97,0.7
47351B,234.5,86,2.91
47367B,376.27000000000004,112,3.4
47369A,93.19,33,2.93
47369B,97.13,35,3.26
47420,38.38,202,0.19
47421,395.09999999999997,999,0.42
47422,261.3,653,0.42
47469,241.20999999999998,473,0.64
47471,191.18,292,0.98
47480,1277.4699999999998,748,2.41
47481,172.64,226,1.05
47503A,1264.2,2879,0.5
47503H,112.81,167,1.47
47503J,23.85,3,7.95
47504H,964.38,978,1.73
47504K,2049.45,2091,1.54
47518F,113.64,827,0.14
47518f,20.73,5,4.15
47556B,6045.0,3900,1.55
47559B,2588.65,2080,1.46
47559b,342.65,103,3.31
47563A,552.76,286,2.57
47566,99504.33,18299,5.79
47566B,11290.12,3682,5.54
47566b,1651.1499999999999,199,8.3
47567B,3456.15,609,6.32
47570B,1727.23,186,11.09
47570b,42.019999999999996,2,21.01
47574A,665.95,549,1.89
47574B,17.0,4,4.25
47578A,202.53,219,1.14
47579,2.1,1,2.1
47580,1121.82,390,3.29
47585A,1129.44,264,4.85
47586A,53.55,21,2.55
47589,70.85000000000001,15,4.09
47590A,10502.650000000001,1992,5.86
47590B,12071.92,2327,5.82
47590b,129.48,12,10.79
47591B,344.78999999999996,211,1.59
47591D,6060.25,3211,2.16
47591b,4.13,1,4.13
47591d,672.24,134,4.97
47593A,14.37,48,0.51
47593B,946.13,1987,0.7
47593b,4.9799999999999995,6,0.83
47594A,199.84,108,1.91
47594B,314.54999999999995,170,1.9
47599A,4649.5,2456,2.28
47599B,2822.32,1480,2.18
48111,7732.929999999999,1176,9.56
48116,9088.63,1500,9.61
48129,6009.84,904,8.77
48138,25609.6,3762,8.89
48173C,10025.11,1802,8.2
48173c,252.95000000000002,15,16.83
48184,14324.0,2047,8.55
48185,23888.81,3617,10.11
48187,24292.84,3830,8.46
48188,12114.97,2065,8.82
48189,451.10999999999996,29,15.78
48194,22138.57,3421,9.23
51008,1690.5500000000002,519,3.43
51014A,2018.78,3890,0.65
51014C,1415.09,2711,0.72
51014L,1079.34,2071,0.65
51014c,0.83,1,0.83
51020A,116.32999999999998,366,0.53
51020B,70.57,197,0.67
62018,5716.85,4415,1.81
62043B,14.11,24,0.69
62074B,6.72,16,0.42
62086A,171.6,88,1.95
62094B,63.209999999999994,19,4.08
62095B,0.0,2,0.0
62096A,132.5,106,1.25
62096B,2.5,2,1.25
62097B,7.469999999999999,9,0.83
70006,1865.6299999999999,2703,1.72
70007,962.9599999999999,845,2.11
71038,1244.95,406,5.29
71050,11.549999999999999,33,0.35
71053,8441.82,1950,4.81
71101E,280.2,348,0.83
71143,196.35999999999999,178,1.64
71215,4.62,11,0.42
71270,338.73,239,1.68
71279,561.32,176,3.66
71403,286.91,77,4.46
71406C,57.96,138,0.42
71459,10858.89,13605,0.94
71477,20658.56,6764,3.97
71495A,40.379999999999995,103,0.71
71495B,61.05,163,0.55
71496A,80.96000000000001,127,1.09
71496B,7.37,13,0.56
71510,36.519999999999996,52,0.81
72024U,15.120000000000001,72,0.21
72051S,89.94999999999999,131,0.66
72122,336.73999999999995,325,1.19
72127,210.61,193,1.24
72128,152.04999999999998,193,0.9
72130,133.34,219,0.74
72131,238.34999999999997,137,1.9
72132,54.599999999999994,28,1.95
72133,63.51,45,1.46
72134,58.62,105,0.99
72140E,26.349999999999998,31,0.85
72225C,165.6,624,0.28
72232,630.23,3317,0.19
72349B,1490.89,731,2.47
72349b,658.51,159,4.14
72351A,2528.15,1278,2.29
72351B,4012.05,2098,2.38
72351a,62.269999999999996,15,4.15
72369A,39.92,30,1.65
72586,318.66999999999996,693,0.65
72598,605.89,607,1.27
72709,37.4,96,0.74
72741,8225.0,5978,1.6
72760B,4155.34,410,11.1
72780,116.44999999999999,137,0.85
72783,33.6,16,2.1
72798C,11.549999999999999,7,1.65
72799C,129.47,81,2.42
72799E,919.94,452,2.83
72799F,424.08000000000004,145,3.03
72800B,290.8,144,2.46
72800C,264.82,132,2.64
72800D,229.22,91,2.62
72800E,1213.29,541,2.6
72801C,180.65,145,1.56
72801D,113.21,75,1.59
72801G,72.46,104,1.25
72801c,95.94,39,2.46
72801d,184.7,75,2.46
72802A,1334.16,378,4.67
72802B,1993.48,1028,4.18
72802C,2692.44,1397,4.49
72802a,58.029999999999994,7,8.29
72802c,8.29,1,8.29
72803A,730.97,648,4.16
72803B,0.0,1,0.0
72803b,8.47,1,8.47
72807A,1849.82,395,5.65
72807B,1830.71,397,5.35
72807C,3145.05,721,5.3
72807a,66.32,8,8.29
72807b,33.16,4,8.29
72807c,41.449999999999996,5,8.29
72811,78.92999999999999,53,1.82
72812,116.06,34,3.76
72814,0.0,2,0.0
72815,15.97,3,6.11
72816,1006.27,893,1.92
72817,1232.27,1255,1.22
72818,821.98,1846,0.76
72819,509.07,225,2.92
72821,18.15,11,1.65
75011,138.76,172,0.8
75013B,41.24999999999999,27,1.44
75049L,6827.98,7114,1.67
75131,529.21,490,1.8
75172,85.31,93,1.53
75178,218.87,459,1.34
77079,2.12,5,1.06
77101A,428.19,392,1.28
78033,185.3,38,5.52
78034B,15.6,8,1.95
78124,257.75,199,1.33
79000,3377.74,4856,1.0
79026B,10.61,25,0.49
79030D,352.57,600,1.42
79030G,735.8299999999999,1409,1.85
79051A,293.31,831,0.38
79062D,19.4,1012,0.3
79063C,43.65,555,0.18
79063D,35.33,2750,0.19
79066K,689.34,783,1.08
79066k,27.77,17,1.64
79067,719.69,172,5.87
79071B,59.0,20,2.95
79144B,103.64999999999999,181,0.71
79144C,98.53999999999999,153,0.77
79149B,7.56,18,0.42
79151B,4.62,11,0.42
79157B,3.4,4,0.85
79157V,4.25,5,0.85
79160,802.13,447,2.08
79161A,5.9,17,1.97
79163,626.55,1544,0.48
79164,699.96,1757,0.55
79190A,179.35999999999999,384,0.61
79190B,288.36,707,0.58
79190D,126.97999999999999,265,0.61
79191B,138.29999999999998,159,0.93
79191C,812.53,1105,0.84
79191D,37.61,35,1.29
79192A,3.75,3,1.25
79302M,1037.54,443,3.5
79321,54117.76,10423,6.72
79323B,54.0,8,6.75
79323P,27.0,4,6.75
79329,12.18,12,1.01
79331,17.5,26,0.8
79336,13.680000000000003,72,0.29
79337,259.96,645,0.58
79403,85.52,95,1.06
79406,34.12,144,0.37
81950B,33.93,117,0.29
81950V,8.889999999999999,21,0.53
81952B,38.0,211,0.17
81952V,69.73,367,0.19
81953B,2.09,11,0.19
81953P,5.32,28,0.19
82001S,5750.21,1582,4.43
82001s,910.12,122,7.46
82011A,67.5,18,3.75
82011B,146.85,43,3.67
82011C,172.05,51,3.67
82095,356.11,68,5.32
82482,23113.260000000002,9006,3.1
82483,15240.07,2421,6.94
82484,36030.22,6020,8.44
82486,18467.22,2150,9.12
82494L,19640.79,6916,3.26
82494l,2211.6,264,8.31
82551,4542.889999999999,2918,1.76
82552,4680.63,3016,1.66
82567,1412.27,713,2.01
82578,1218.95,2060,0.75
82580,3474.31,5883,0.83
82581,2155.8900000000003,3883,0.73
82582,8862.990000000002,4367,2.39
82583,17047.06,7562,2.91
82599,1217.73,510,2.87
82600,12835.28,6017,2.54
82605,29.400000000000002,16,1.26
82613A,93.63,73,1.37
82613B,501.49,584,1.49
82613C,444.63,538,1.44
82613D,535.49,697,1.37
82613a,2.46,1,2.46
82613b,9.94,4,2.48
82613c,12.399999999999999,5,2.48
82615,91.8,36,2.55
82616B,505.69,344,1.96
82616C,501.44,324,1.92
84006,849.55,919,1.05
84012,1283.99,1265,1.24
84016,12.16,27,0.62
84029E,22144.98,4778,5.11
84029G,16164.04,3603,5.19
84030E,6452.94,1506,4.93
84030e,877.76,108,8.49
84031A,1961.16,431,4.5
84031B,1440.3700000000001,304,4.61
84031a,16.63,1,16.63
84031b,16.63,1,16.63
84032A,3390.88,1005,3.49
84032B,2430.44,939,3.12
84033,37.95,23,1.65
84050,4761.78,3248,2.15
84051,216.06,282,0.87
84077,13841.849999999999,55047,0.32
84078A,16363.300000000001,415,45.23
84086B,47.2,16,2.95
84086C,634.07,222,2.97
84192,143.75,115,1.25
84199,29.19,139,0.21
84201B,2.47,13,0.19
84201C,0.95,5,0.19
84206A,4.5600000000000005,24,0.19
84206B,0.95,5,0.19
84206C,1.52,8,0.19
84212,4934.87,10315,0.89
84218,223.10999999999999,123,1.92
84226,36.21,51,0.83
84227,0.42,2,0.21
84228,124.08999999999999,297,0.54
84231,72.63,108,0.73
84247C,0.0,1,0.0
84247E,392.94000000000005,190,2.57
84247G,158.63,357,0.54
84247K,67.85000000000001,70,2.68
84247L,62.06,136,0.63
84247N,64.9,22,2.95
84249A,80.46,174,0.66
84251B,70.78,245,0.43
84251C,53.88,127,0.52
84251G,74.7,270,0.4
84270,3.5700000000000003,24,0.17
84279B,785.95,387,4.44
84279P,1576.96,464,4.79
84306,88.22,13,7.99
84313B,518.61,127,6.11
84313C,1165.9099999999999,510,3.91
84341B,282.38,645,0.68
84347,26463.829999999998,9476,3.4
84352,577.35,34,17.52
84356,2124.15,424,6.08
84358,312.7,33,10.54
84360,434.12,78,6.55
84375,9404.150000000001,4322,2.51
84378,8540.9,6350,1.63
84380,8161.46,5805,1.72
84387A,21.45,22,0.98
84388,13.14,30,0.87
84402B,48.19,62,0.59
84406B,7657.320000000001,2016,4.31
84415A,15.0,12,1.25
84415B,20.0,8,2.92
84422,244.17,566,0.95
84429A,185.45000000000002,55,3.87
84452,62.9,139,0.8
84457,113.41,127,0.99
84459A,1059.67,717,2.21
84459B,1079.67,738,2.03
84461,104.55,41,2.55
84462,15.0,12,1.25
84465,29.5,10,2.95
84466,57.5,46,1.25
84497,48.75,92,3.28
84499,5.949999999999999,7,0.85
84507B,118.72999999999999,59,3.28
84507C,175.73,70,2.71
84508A,3448.05,1631,2.41
84508B,145.35,57,2.55
84508C,157.5,57,3.02
84509A,3417.28,896,4.5
84509B,806.04,217,3.8
84509C,502.69,131,4.14
84509E,183.45,91,3.54
84509G,950.49,517,3.02
84509a,775.84,104,7.46
84509b,37.3,5,7.46
84509c,322.22,43,7.5
84509g,14.92,2,7.46
84510A,1636.57,1201,1.73
84510C,213.82999999999998,134,1.77
84510E,48.29,34,1.66
84510a,130.48,53,2.46
84510c,98.7,40,2.47
84510e,2.46,1,2.46
84519A,905.55,512,2.51
84519B,774.55,472,2.36
84520B,508.36999999999995,554,1.1
84522,36.76,20,1.82
84527,95.1,52,2.14
84531A,76.69,149,0.67
84531B,87.56,158,0.72
84534B,50.72,66,1.05
84534b,3.32,2,1.66
84535A,186.56,863,0.62
84535B,850.2,1348,0.9
84536A,1409.8999999999999,3138,0.54
84536B,888.14,2102,0.56
84536a,11.060000000000002,14,0.79
84536b,4.050000000000001,5,0.81
84539,42.9,32,1.1
84548,36.3,34,1.18
84549,69.38,38,2.56
84550,1.65,1,1.65
84551,21.449999999999996,13,1.65
84558A,996.2600000000001,336,3.11
84558a,29.310000000000002,5,5.86
84559A,375.60999999999996,397,1.15
84559B,217.29,237,1.01
84559a,48.379999999999995,29,1.67
84559b,38.33,23,1.67
84562A,23.85,4,5.96
84563A,369.84000000000003,96,4.72
84563B,358.1,98,3.94
84568,2923.13,13882,0.39
84569A,355.84,294,1.26
84569B,119.65,86,1.74
84569C,1.25,1,1.25
84569D,561.87,468,1.37
84575A,39.3,14,3.95
84576,148.32,66,2.98
84580,1486.18,390,3.86
84581,717.21,189,3.84
84584,314.51,144,2.3
84592,241.24000000000004,76,3.6
84593,14.750000000000002,5,2.95
84595E,154.67999999999998,88,2.64
84596B,2570.52,5078,0.61
84596E,412.1,570,0.96
84596F,1952.0,3748,0.63
84596G,949.92,2145,0.62
84596J,296.45,638,0.82
84596L,629.8,1255,0.7
84596b,17.57,7,2.51
84596e,25.099999999999998,10,2.51
84596f,39.36,16,2.46
84596g,7.38,3,2.46
84596l,2.46,1,2.46
84597B,51.25,41,1.25
84597C,57.5,46,1.25
84598,546.04,1975,0.38
84600,446.89,53,9.45
84609,770.59,93,9.63
84611B,0.0,1287,0.0
84613A,27.900000000000002,6,4.65
84613C,4.65,1,4.65
84614A,11.9,2,5.95
84616,504.32,14,39.4
84617,38.25,3,12.75
84620,11.9,2,5.95
84625A,605.48,478,2.61
84625C,536.41,449,2.38
84629,150.0,20,10.05
84631,348.53,41,8.68
84632,359.70000000000005,6,59.95
84637,619.59,116,5.3
84638,331.5,50,6.67
84658,426.13,59,7.28
84659A,676.27,299,2.45
84660A,783.45,858,1.65
84660B,734.86,709,2.07
84660C,693.32,662,2.44
84660a,29.84,4,7.46
84660b,15.08,2,7.54
84660c,134.92,18,7.5
84661A,167.79,104,2.79
84661B,300.24,115,3.38
84661C,104.84,71,3.02
84661a,4.96,1,4.96
84661b,4.96,1,4.96
84663A,374.12,303,2.8
84665,624.75,105,5.95
84666,94.80000000000001,24,3.95
84670,0.0,23,0.0
84673A,63.720000000000006,92,0.7
84673B,156.63,179,0.93
84674,469.90000000000003,194,3.25
84675,26.55,11,1.97
84678,247.04,142,2.81
84679,55.7,6,11.95
84683,162.20000000000002,194,1.51
84685,177.33,48,5.67
84686,66.39,83,2.36
84687,504.43,81,7.8
84688,203.07,68,5.79
84689,9.95,8,2.65
84691,174.5,244,0.6
84692,4329.48,7915,0.67
84705C,15.0,12,1.25
84706D,29.599999999999998,8,3.7
84706F,47.2,16,2.95
84707A,695.23,95,9.79
84707B,210.54999999999998,34,8.19
84708B,326.35,62,5.93
84709B,119.0,26,5.45
84711A,221.79999999999998,25,8.61
84711B,186.64,20,9.0
84712B,231.56,30,7.68
84715,47.2,16,2.95
84723,97.95,41,3.95
84725,39.65,41,1.24
84731,2.04,2,1.02
84732B,8.58,22,0.39
84732D,4.29,11,0.39
84741C,117.0,68,1.82
84743C,1.25,1,1.25
84744,140.02,110,1.38
84745A,13.44,32,0.42
84745B,13.44,32,0.42
84746,38.31,81,2.34
84748,585.86,208,3.24
84750A,46.8,24,1.95
84750B,54.99,61,1.17
84751B,38.69,19,1.78
84754,725.52,558,1.75
84755,10518.25,16449,0.73
84760S,62.349999999999994,45,1.3
84763,748.34,601,1.42
84766,340.7,146,3.38
84773,8.850000000000001,6,1.48
84789,644.47,188,3.95
84792,3978.9700000000003,834,5.53
84795B,1390.64,176,9.09
84795C,15.9,5,3.98
84795b,266.78,16,16.65
84796A,568.13,61,9.33
84796B,2393.5899999999997,273,9.19
84796a,141.10999999999999,17,8.3
84798A,58.64999999999999,23,2.55
84798B,28.049999999999997,11,2.55
84799,160.48,224,1.0
84800L,639.36,360,1.92
84800M,174.31,127,1.54
84800S,127.57000000000001,113,1.21
84801A,96.60000000000001,46,2.1
84801B,46.2,22,2.1
84802A,3.38,4,0.84
84802B,6.76,4,1.69
84803A,5.07,3,1.69
84803B,28.73,17,1.69
84804A,180.58,70,2.68
84804B,188.37000000000003,99,2.23
84805A,60.0,32,2.5
84805B,52.5,38,2.08
84806A,96.88999999999999,137,1.06
84806B,411.55999999999995,308,1.39
84809A,115.50000000000001,55,2.1
84809B,37.800000000000004,18,2.1
84813,1393.79,166,10.53
84816,519.35,13,39.95
84817,710.64,951,1.44
84818,1461.6,1424,1.34
84819,951.79,811,2.22
84820,484.63,261,3.78
84821,417.34999999999997,947,0.62
84823,890.4000000000001,113,7.64
84824,31.9,2,15.95
84826,391.93,13705,0.57
84827,154.39,511,0.49
84828,1541.3600000000001,1103,1.63
84832,2713.5499999999997,2935,1.09
84836,7426.82,5944,1.36
84840,76.44,9,9.56
84842,52.5,14,3.75
84843,969.8000000000001,172,6.57
84846A,128.14000000000001,57,2.55
84847,78.75,24,3.21
84849A,344.34000000000003,180,2.36
84849B,478.83,266,2.05
84849D,859.0,595,1.84
84854,24.75,5,4.95
84856L,17.82,2,8.91
84856S,18.6,4,4.65
84857B,46.8,48,0.98
84857C,232.32999999999998,122,4.33
84858C,261.68,232,4.57
84859A,272.99,129,2.48
84859B,66.75999999999999,32,2.31
84859C,180.51999999999998,84,2.43
84865,152.11,29,7.02
84870B,146.07999999999998,44,3.44
84870C,146.05,46,3.16
84872A,450.08,43,10.7
84872a,282.15,26,10.86
84873A,33.9,7,11.3
84874B,67.50999999999999,41,1.64
84875B,203.51,131,2.55
84875D,63.75,56,1.11
84876B,318.31,286,2.29
84876D,221.25,129,3.6
84877A,58.16,40,2.27
84877B,210.56,144,2.32
84877D,152.18,98,2.16
84879,59094.93,36461,1.72
84880,2027.74,314,7.74
84881,82.57,12,7.41
84882,157.34,38,4.37
84884A,1201.91,301,4.8
84884a,317.71999999999997,38,8.35
84898F,98.63000000000001,46,2.21
84905,173.48,35,4.96
84906,123.02,42,4.16
84907,180.93,29,6.11
84910A,192.14,26,7.46
84912A,560.62,228,3.43
84912B,1136.6,324,3.44
84913A,952.83,273,3.41
84913B,754.07,196,3.64
84915,372.33,217,3.89
84916,453.39,223,3.95
84917,466.3,185,3.83
84919,381.78000000000003,58,6.53
84920,453.73,117,4.16
84921,41.25,22,2.68
84922,42.29,9,4.92
84923,671.62,162,4.15
84924A,348.59000000000003,81,5.0
84924F,7.9,10,0.79
84925D,38.25,15,2.55
84925F,112.47999999999999,95,1.84
84926A,210.51999999999998,604,0.67
84926D,276.53,709,0.81
84926E,334.76,992,0.54
84926F,195.22,430,1.19
84927A,70.45,50,2.08
84927D,52.25,48,1.49
84927E,80.16000000000001,59,1.91
84927F,182.95000000000002,299,1.09
84929,637.5600000000001,3012,0.29
84931A,322.53999999999996,135,2.51
84931B,431.72999999999996,180,2.4
84944,1121.9099999999999,950,1.94
84945,8754.63,10557,0.95
84946,25889.63,19246,1.53
84947,10297.27,8706,1.47
84949,7642.44,4801,1.86
84950,2304.8300000000004,3631,0.82
84951A,553.8,476,1.81
84951B,554.78,451,1.82
84952A,264.46999999999997,92,3.18
84952B,332.14,186,2.97
84952C,255.0,163,3.75
84963A,171.8,4,42.95
84963B,149.85000000000002,3,49.95
84968A,3139.2999999999997,267,13.84
84968B,25.5,4,8.5
84968C,3585.99,317,14.93
84968D,1661.47,157,12.2
84968E,1522.53,134,12.03
84968F,1905.6799999999998,177,12.32
84968a,125.32999999999998,5,25.14
84968d,74.88,3,24.96
84968e,200.21,8,25.05
84968f,25.49,1,25.49
84969,2389.52,559,4.64
84970L,6412.7699999999995,6065,1.3
84970S,7672.41,8905,1.14
84970l,418.98,201,2.09
84970s,496.49,238,2.09
84971L,0.0,2,0.0
84971S,1561.6999999999998,1786,1.11
84971l,4.92,2,2.46
84974,398.0,40,9.95
84975,8.45,5,1.69
84976,446.15000000000003,512,1.43
84977,1.25,4,0.42
84978,16477.53,12512,1.48
84984A,88.35000000000001,19,4.65
84984B,79.05000000000001,17,4.65
84984D,60.45,13,4.65
84985A,60.9,42,1.45
84987,4474.07,3053,1.98
84988,6672.7,7312,2.14
84989A,15.400000000000002,29,0.52
84989a,87.51,42,2.09
84990,1.1,4,0.28
84991,9183.720000000001,18214,0.69
84992,6555.33,13360,0.68
84993A,159.69,343,0.58
84993B,24.36,58,0.42
84993a,26.56,32,0.83
84997A,9933.880000000001,2573,4.46
84997B,16045.970000000001,4214,4.37
84997C,14501.18,3784,4.26
84997D,19736.5,5105,4.41
84997a,878.7399999999999,106,8.29
84997b,3052.9199999999996,364,8.58
84997c,2374.4399999999996,284,8.59
84997d,2657.79,319,8.43
85006,57.25,55,1.55
85008,66.12,14,4.6
85014A,6684.67,1164,6.49
85014B,10981.95,1915,6.82
85014a,225.32000000000002,18,12.52
85014b,313.06,25,12.51
85015,1719.8400000000001,2182,1.31
85016,560.11,568,1.97
85017A,13.58,16,0.85
85017B,600.29,1088,0.67
85017C,27.02,64,0.54
85018C,0.0,3,0.0
85018D,30.599999999999998,12,2.55
85019A,564.35,414,2.03
85019B,682.97,527,1.91
85019C,270.72,182,3.0
85020,188.81,85,2.57
85023B,235.35000000000002,105,2.52
85024B,289.65,193,1.63
85024C,19.799999999999997,12,1.65
85025B,558.42,331,2.32
85025C,522.56,466,2.0
85026B,70.27,79,0.99
85027L,160.5,78,2.79
85028L,19.5,22,1.56
85028S,51.599999999999994,48,1.8
85030,29.25,15,1.95
85031A,45.9,16,3.89
85031B,4.95,1,4.95
85031C,14.850000000000001,3,4.95
85032A,777.1400000000001,790,1.09
85032B,747.7900000000001,798,1.07
85032C,719.84,685,1.18
85032D,561.34,858,1.15
85034A,915.15,525,2.68
85034B,1633.78,949,2.7
85034C,1805.0,1133,2.27
85034a,24.869999999999997,3,8.29
85034b,8.29,1,8.29
85035A,795.05,279,3.8
85035B,1058.35,620,3.32
85035C,1779.41,1152,2.49
85035a,16.94,2,8.47
85035b,8.47,1,8.47
85035c,8.47,1,8.47
85036A,759.35,223,3.9
85036B,609.4300000000001,369,2.22
85036C,1104.8600000000001,758,2.4
85036a,16.58,2,8.29
85036b,8.47,1,8.47
85038,2179.6600000000003,1065,2.53
85039A,1013.92,706,1.63
85039B,1174.6299999999999,806,1.62
85039C,265.77,305,1.58
85039a,131.81,40,3.3
85040A,1610.62,890,2.03
85040B,229.46999999999997,137,1.7
85040a,105.28,32,3.29
85044,0.0,1,0.0
85045,191.1,64,4.13
85047,19.049999999999997,3,6.35
85048,10910.61,1359,9.31
85049A,3847.36,3005,1.49
85049B,67.5,59,1.02
85049C,1518.19,1217,1.35
85049D,697.49,551,1.27
85049E,3791.11,2866,1.49
85049F,477.34,378,1.29
85049G,2007.94,1615,1.4
85049H,870.35,849,1.06
85049a,812.84,244,3.3
85049b,4.92,2,2.46
85049c,2.46,1,2.46
85049d,4.92,2,2.46
85049e,360.71,109,3.3
85049g,276.42,113,2.43
85053,3666.2900000000004,1701,2.61
85054,1436.5300000000002,616,3.45
85055,183.71,45,5.15
85059,1273.11,411,4.12
85061W,1897.4499999999998,2164,1.09
85062,2449.2999999999997,1474,1.79
85064,976.25,216,6.48
85066,22708.95,1793,14.29
85067,126.64999999999999,7,18.55
85071A,583.23,1041,0.88
85071B,688.91,1301,0.87
85071C,428.0,683,1.25
85071D,249.48999999999998,403,0.83
85078,696.8,1932,1.0
85084,17.0,45,0.74
85086A,122.08,152,0.82
85087,1129.99,339,3.48
85088,534.83,259,2.39
85089,41.300000000000004,14,2.95
85092,40.05,27,2.3
85093,475.18,708,0.89
85094,242.32,641,0.69
85095,243.49,150,1.82
85096,109.23,73,4.4
85099B,94340.05,48478,2.48
85099C,28092.2,13922,2.6
85099F,32570.47,17377,2.37
85099f,232.05999999999997,46,5.05
85103,924.29,143,7.29
85104,525.75,201,3.23
85106,1147.4099999999999,671,2.17
85107,546.49,690,2.36
85109,10.2,12,0.85
85111,441.07,1421,0.49
85114A,1105.21,649,2.05
85114B,904.14,478,2.2
85114C,920.2199999999999,516,1.94
85114a,161.70000000000002,49,3.3
85114b,118.86000000000001,36,3.3
85114c,534.66,162,3.3
85115B,24.869999999999997,3,8.29
85116,1106.88,941,1.47
85118,144.52,146,1.54
85119,3.36,1,3.36
85123A,104518.8,41664,3.11
85123a,1952.4799999999998,292,6.64
85124B,264.06,93,3.18
85124C,261.89,94,2.99
85125,770.2900000000001,166,5.05
85126,27.14,2,13.57
85127,1106.54,193,6.79
85129B,168.59,119,1.91
85129C,107.31,80,1.74
85129D,343.99,208,1.93
85130A,127.04999999999998,77,1.65
85130B,760.4300000000001,834,1.38
85130C,438.87,483,1.09
85130D,569.29,565,1.5
85131A,901.48,996,0.91
85131B,521.11,623,0.84
85131C,178.85,193,0.87
85131D,725.26,850,0.84
85132A,1565.6699999999998,547,5.09
85132B,1156.1699999999998,529,3.53
85132C,3562.3199999999997,1520,3.99
85132a,92.19999999999999,8,11.52
85132b,74.60999999999999,9,8.29
85132c,24.869999999999997,3,8.29
85135A,151.05,35,6.36
85135B,524.5500000000001,123,7.56
85135C,856.38,142,7.96
85136A,580.36,72,8.05
85136B,15.9,2,7.95
85136C,421.18,52,8.08
85141,635.74,127,5.46
85144,586.6,222,3.88
85145,167.70000000000002,47,4.86
85146,171.11,53,4.02
85150,9388.53,4157,3.07
85152,15983.330000000002,8274,2.35
85159A,783.3499999999999,453,1.97
85159B,1134.5,622,2.09
85160A,7.5,6,1.25
85160B,62.239999999999995,106,1.37
85160a,16.13,1,16.13
85161,568.65,35,17.95
85163A,559.0,66,11.21
85163B,783.68,84,12.72
85167B,109.94,50,4.03
85168B,432.78999999999996,51,8.48
85169A,813.02,812,1.32
85169B,356.06,329,1.44
85169C,452.86,429,1.22
85169D,356.08,351,1.31
85170A,2.1,2,1.05
85170B,316.75,215,2.4
85170C,608.53,335,2.69
85170D,796.99,451,2.74
85172,583.12,1346,0.68
85173,795.02,479,2.9
85174,2946.88,617,6.98
85175,2292.34,5373,0.97
85176,880.4699999999999,918,1.2
85177,645.06,813,1.04
85178,2823.83,2519,1.4
85179A,380.79,193,2.83
85179C,201.31,106,2.89
85179a,2.46,1,2.46
85180A,1042.66,503,3.13
85180B,587.2,271,3.28
85183A,852.04,667,1.57
85183B,1323.37,996,1.88
85184C,2997.64,1656,3.17
85184c,11.58,2,5.79
85185B,926.94,536,3.29
85185D,44.25000000000001,17,2.36
85186A,293.8,615,0.63
85186C,269.17,528,0.65
85187,556.53,337,1.88
85188A,278.16999999999996,319,0.98
85188B,68.69999999999999,78,1.01
85189,7.6499999999999995,9,0.85
85194L,823.7399999999999,948,1.03
85194S,489.17,1197,0.64
85195,23.1,11,2.1
85197,73.5,64,1.91
85198,74.58,90,1.09
85199L,663.4300000000001,977,0.84
85199S,1305.25,2667,0.59
85200,228.75,189,1.21
85202,314.81,676,0.54
85203,409.41,896,0.57
85204,325.96,2055,0.33
85205B,323.15,122,2.87
85206A,1572.2299999999998,980,1.74
85206B,23.099999999999998,14,1.65
85208,419.01000000000005,224,2.07
85211,175.16,152,1.73
85212,761.4,2476,0.51
85213,334.03,943,0.77
85214,271.03999999999996,234,1.62
85215,180.71,343,0.93
85216,35.75,55,0.65
85224,6.300000000000001,3,2.1
85225,6.25,6,1.08
85226A,0.0,1,0.0
85227,1368.75,1488,1.11
85230A,203.27999999999997,840,0.26
85230B,333.2,1288,0.28
85230E,267.45,1101,0.27
85230F,90.33999999999999,338,0.28
85230G,257.03999999999996,1032,0.27
85231B,777.5799999999999,868,1.07
85231G,501.27,595,0.98
85231b,4.92,3,1.64
85231g,9.78,6,1.63
85232A,389.55,78,5.62
85232B,1361.25,281,4.62
85232D,997.47,338,5.78
90000A,77.91,13,6.02
90000B,67.83,11,6.17
90000D,129.85,21,6.19
90001A,20.950000000000003,5,4.18
90001B,21.15,5,4.22
90001C,21.130000000000003,5,4.23
90001D,29.73,7,4.25
90002D,48.71,22,3.37
90003B,56.31,15,3.76
90003C,119.84,32,3.74
90003D,112.26,30,3.74
90003E,86.11,23,3.74
90005A,28.02,17,1.68
90010A,167.3,43,8.74
90010B,100.08999999999999,11,9.18
90010E,227.89,25,9.1
90011A,17.509999999999998,6,2.92
90011B,35.27,12,2.93
90011C,5.8,2,2.9
90011D,8.76,3,2.92
90011E,8.76,3,2.92
90012A,53.760000000000005,11,7.21
90012B,45.35000000000001,13,5.28
90013A,195.32,52,3.76
90013B,149.41000000000003,36,4.16
90013C,158.08,39,4.12
90013D,25.17,6,4.18
90014A,217.59,27,9.19
90014B,158.73999999999998,17,9.26
90014C,43.199999999999996,5,8.31
90016A,105.71000000000001,17,7.82
90016B,184.66,22,8.4
90016C,24.96,3,8.32
90018A,193.33,46,4.19
90018B,92.28,22,4.19
90018C,50.400000000000006,12,4.18
90019A,197.09,38,5.25
90019B,96.52000000000001,18,5.36
90019C,68.73,13,5.31
90020,12.48,1,12.48
90021,11.95,1,11.95
90022,90.2,24,3.76
90023,55.02,13,4.22
90024B,67.28,8,8.38
90024C,33.81,4,8.44
90024D,16.82,2,8.41
90024E,16.810000000000002,2,8.41
90024F,42.13,5,8.41
90025A,7.5,2,3.75
90025B,3.73,1,3.73
90025D,11.19,3,3.73
90025E,3.73,1,3.73
90025F,14.96,4,3.74
90026A,17.0,2,8.5
90026B,25.32,3,8.44
90026C,33.82,4,8.44
90026D,25.5,3,8.5
90027A,17.66,6,2.94
90027B,8.76,3,2.92
90027C,14.5,5,2.9
90027D,28.4,9,3.26
90028,134.16,16,8.38
90029,42.14,5,8.41
90030A,72.0,72,1.0
90030B,190.73000000000002,122,3.16
90030C,91.7,77,2.34
90031,59.89,50,2.41
90032,103.13,21,5.86
90033,25.07,10,2.5
90034,20.17,2,10.09
90035A,53.62,5,10.71
90035C,21.5,2,10.75
90036A,47.7,6,7.95
90036B,31.8,4,7.95
90036C,71.4,9,7.92
90036D,95.35000000000001,12,7.94
90036E,110.95,14,7.92
90036F,64.08,8,8.05
90037A,2.48,1,2.48
90037B,25.279999999999998,10,2.51
90037C,12.52,5,2.5
90038A,56.15,15,3.74
90038B,48.77,13,3.75
90038C,33.69,9,3.74
90039A,29.96,8,3.74
90039B,41.31,11,3.76
90039C,22.48,6,3.75
90039D,78.69,21,3.74
90040A,54.290000000000006,14,3.91
90040B,66.7,18,3.73
90040C,54.42,15,3.67
90041,18.27,5,3.69
90042A,7.6499999999999995,3,2.55
90042B,0.0,1,0.0
90042C,12.7,15,2.12
90043,24.810000000000002,4,7.46
90046,14.850000000000001,3,4.95
90048,14.850000000000001,3,4.95
90049,34.77,5,8.29
90050,55.72,8,6.98
90051,70.16,10,7.04
90052,14.14,2,7.07
90053,9.99,4,2.5
90054,22.58,9,2.51
90055,12.53,5,2.51
90056,43.510000000000005,4,10.88
90057,1311.3600000000001,1008,1.35
90058A,123.12,324,0.38
90058B,232.56,612,0.38
90059A,74.53,45,1.66
90059B,26.52,16,1.66
90059C,24.79,15,1.65
90059D,41.449999999999996,25,1.66
90059E,41.37,25,1.66
90059F,34.69,21,1.65
90060B,5.95,1,5.95
90060D,17.85,3,5.95
90060F,35.160000000000004,6,5.86
90062,558.03,44,12.66
90063A,102.0,12,8.5
90063B,76.32,9,8.47
90064A,38.7,10,3.95
90064B,45.0,12,3.75
90065A,60.75,9,6.75
90065B,13.5,2,6.75
90067A,41.150000000000006,14,2.93
90067B,5.8,2,2.9
90068,7.5,1,7.5
90069,15.0,2,7.5
90070,122.64000000000001,20,6.18
90071,54.62,44,1.24
90072,83.42,21,4.08
90073,134.70000000000002,27,5.01
90074,37.239999999999995,4,9.43
90075,37.66,4,9.36
90076,24.119999999999997,9,2.84
90077,8.82,3,2.94
90078,15.0,2,7.5
90079,49.760000000000005,10,4.99
90081A,74.25,15,4.95
90081B,4.95,1,4.95
90081C,99.60000000000001,20,4.99
90082A,193.2,30,6.48
90082B,171.45,30,5.86
90082D,64.38,10,6.42
90083,23.47,25,1.47
90084,0.85,2,0.42
90085,36.76,34,1.48
90086,77.78999999999999,102,1.5
90087,61.459999999999994,107,1.49
90089,16.22,32,1.2
90092,1.66,1,1.66
90093,28.569999999999997,52,1.19
90094,35.699999999999996,14,2.55
90096,112.21,45,2.48
90098,73.95,29,2.55
90099,76.38,27,2.86
90100,2.55,1,2.55
90101,98.07,39,2.51
90102,8.5,10,0.85
90103,72.66,29,2.5
90104,23.16,31,0.71
90108,81.96000000000001,70,1.76
90112,2.1,4,0.52
90114,417.96,167,2.48
90115,134.53,54,2.49
90116,145.52,64,2.42
90118,74.64,30,2.47
90119,207.60999999999999,84,2.47
90120A,29.73,7,4.24
90120B,164.12,39,4.2
90120C,215.20000000000002,51,4.2
90120D,41.790000000000006,10,4.21
90122A,109.48,22,4.98
90122B,29.93,6,4.99
90122C,119.23,24,4.99
90123A,89.12,15,5.94
90123B,53.42,9,5.92
90123C,83.29,14,5.95
90123D,35.31,6,5.87
90124A,79.66,8,9.96
90124B,119.89,12,9.99
90124C,109.53999999999999,11,9.96
90125A,106.24,115,1.54
90125B,48.06,30,2.07
90125C,69.85,77,1.48
90125D,110.03,95,2.1
90125E,21.05,11,1.94
90126A,3.36,1,3.36
90126C,6.58,2,3.29
90127A,4.92,2,2.46
90128A,7.43,3,2.48
90128B,3.76,2,1.88
90128C,4.97,2,2.48
90128D,4.97,2,2.48
90129A,82.97999999999999,45,1.84
90129B,121.38000000000001,57,2.04
90129C,79.76,35,2.13
90129D,33.440000000000005,14,2.02
90129E,77.03999999999999,42,1.73
90129F,88.03,40,2.13
90130A,17.5,6,2.92
90130B,113.97,39,2.92
90130C,40.95,14,2.92
90130D,8.7,3,2.9
90131,34.870000000000005,5,7.01
90132,15.16,3,5.05
90133,94.43,19,4.98
90134,157.5,54,2.91
90135,39.660000000000004,8,4.96
90135A,4.98,1,4.98
90136,29.849999999999998,3,9.95
90137,16.310000000000002,3,5.44
90138,52.42,10,5.37
90140,15.120000000000001,2,7.56
90141A,63.11,12,5.32
90141B,44.86,9,5.01
90141C,52.31,10,5.3
90141D,20.36,4,5.23
90141E,24.75,5,4.95
90142A,5.09,1,5.09
90142D,49.64,10,4.99
90143,252.18,33,7.68
90144,67.36,18,3.74
90145,168.0,28,6.03
90146,95.35000000000001,17,7.19
90147,324.01,32,10.19
90148,114.48,9,12.71
90149,342.76000000000005,53,7.21
90151,68.0,8,8.5
90152A,28.76,5,5.75
90152B,11.46,2,5.73
90152C,5.95,1,5.95
90154,421.75,57,8.61
90155,67.62,9,7.52
90156,19.8,4,4.95
90157,49.59,10,4.97
90158,224.12,45,4.99
90159,29.790000000000003,6,4.97
90160A,264.94,38,6.98
90160B,209.73000000000002,30,7.0
90160C,377.04,54,7.0
90160D,264.7,38,6.97
90161A,119.91000000000001,24,5.0
90161B,377.88,76,4.98
90161C,412.74,83,4.99
90161D,318.89000000000004,64,5.0
90162A,17.700000000000003,6,2.95
90162B,79.65,27,2.95
90162C,41.300000000000004,14,2.95
90162D,29.500000000000004,10,2.95
90163A,90.32,12,7.54
90163B,52.72,7,7.52
90164A,130.67,27,6.33
90164B,140.98,38,5.29
90165A,39.98,16,2.5
90165B,47.43,19,2.49
90166,88.04,21,4.18
90167,8.5,20,0.42
90168,52.56,18,2.91
90169,47.839999999999996,19,2.5
90170,140.32999999999998,85,1.65
90173,120.34,32,3.77
90174,95.41999999999999,38,2.5
90175A,245.63,27,9.1
90175B,91.68,10,9.17
90175C,80.55,9,8.95
90175D,210.04,23,9.14
90176A,22.48,3,7.49
90176B,30.12,4,7.54
90176C,23.32,3,7.91
90176D,52.5,7,7.5
90176E,29.98,4,7.49
90177A,40.900000000000006,14,2.91
90177B,41.010000000000005,14,2.92
90177C,76.23,26,2.92
90177D,73.53,25,2.93
90177E,41.080000000000005,14,2.93
90178A,95.25,8,11.91
90178B,11.95,1,11.95
90179A,35.31,6,5.87
90179B,17.59,3,5.86
90179C,35.44,6,5.91
90180A,127.24,17,9.18
90180B,49.81,5,9.96
90181A,64.04,7,9.15
90181B,137.63,15,9.18
90181C,9.15,1,9.15
90182A,23.2,8,2.9
90182B,14.5,5,2.9
90182C,40.96,14,2.91
90183A,117.24000000000001,40,2.92
90183B,61.08,21,2.91
90183C,26.15,9,2.91
90183c,2.9,1,2.9
90184A,117.73,13,9.1
90184B,297.94,33,9.05
90184C,190.51999999999998,21,9.1
90184c,9.15,1,9.15
90185A,131.03,31,4.2
90185B,97.02,23,4.19
90185C,110.09,26,4.21
90185D,148.63,35,4.24
90186A,35.11,12,2.93
90186B,64.58,22,2.93
90187A,3.32,1,3.32
90187B,40.03,12,3.33
90188,25.13,10,2.52
90189A,15.0,2,7.5
90190A,46.76,16,2.91
90190B,38.18,13,2.92
90190C,58.43,20,2.92
90191,163.82,26,9.73
90192,209.10000000000002,42,5.0
90194,67.87,16,4.24
90195A,122.84,19,7.23
90195B,29.98,4,7.5
90196A,102.0,8,12.75
90196B,63.480000000000004,5,12.7
90197B,174.73000000000002,35,4.99
90198A,315.73,75,4.2
90198B,152.4,36,4.21
90199A,69.63,11,6.31
90199B,56.59,9,6.28
90199C,126.63999999999999,20,6.32
90199D,37.620000000000005,6,6.27
90200A,328.44,78,4.19
90200B,392.83,93,4.2
90200C,211.43,54,4.07
90200D,729.57,176,4.19
90200E,423.41,103,4.19
90201A,202.51000000000002,69,2.92
90201B,252.9,86,2.93
90201C,185.42000000000002,63,2.93
90201D,225.84,77,2.92
90202A,64.28,22,2.92
90202B,49.65,17,2.91
90202C,58.71,20,2.93
90202D,64.46000000000001,22,2.91
90204,96.86,29,3.34
90205A,51.51,31,1.66
90205C,48.209999999999994,29,1.66
90206A,59.800000000000004,12,4.99
90206C,229.68,46,4.99
90208,132.7,53,2.5
90209A,163.8,84,2.01
90209B,357.74,186,2.04
90209C,480.5,267,1.93
90210A,57.55,34,2.42
90210B,61.56,41,2.15
90210C,130.51000000000002,99,2.21
90210D,132.05,107,1.6
90211A,70.97,12,5.91
90211B,53.260000000000005,9,5.9
90212B,37.62,10,3.76
90212C,26.25,7,3.75
90214A,111.66,130,0.9
90214B,24.77,37,0.83
90214C,72.77,91,0.83
90214D,49.9,68,0.87
90214E,53.199999999999996,72,0.85
90214F,15.429999999999998,27,0.76
90214G,40.199999999999996,60,0.84
90214H,36.76,48,0.85
90214I,29.619999999999997,38,0.78
90214J,57.21,71,0.86
90214K,60.699999999999996,78,0.89
90214L,65.03999999999999,94,0.84
90214M,49.82,60,0.87
90214N,29.23,41,0.84
90214O,6.819999999999999,16,0.73
90214P,20.229999999999997,39,0.81
90214R,28.009999999999998,41,0.83
90214S,71.0,94,0.83
90214T,13.459999999999999,24,0.78
90214U,3.4799999999999995,12,0.29
90214V,15.979999999999999,26,0.85
90214W,6.819999999999999,16,0.73
90214Y,22.839999999999996,66,0.75
90214Z,11.84,22,0.78
AMAZONFEE,13761.09,2,6880.54
B,-11062.06,3,-3687.35
BANK CHARGES,165.001,12,13.75
C2,7051.0,292,49.53
DCGS0003,9.94,4,2.48
DCGS0004,16.63,1,16.63
DCGS0069,15.79,1,15.79
DCGS0070,12.72,1,12.72
DCGS0076,48.39,3,16.13
DCGSSBOY,150.54999999999998,47,3.1
DCGSSGIRL,144.43,47,3.13
DOT,206248.77,1708,290.9
M,78110.27,7230,226.62
PADS,0.003,4,0.0
POST,78101.88,6500,30.97
S,63.05,2,31.52
gift_0001_10,74.97,39,7.4
gift_0001_20,167.05,20,15.04
gift_0001_30,175.53,37,21.94
gift_0001_40,100.69999999999999,3,33.57
gift_0001_50,167.56,4,41.89
m,2.55,1,2.55
